customer_id,order_id,order_date,product_id,quantity,amount
CUST_0165,ORD_10240,2025-03-20,PROD_021,3,709.53
CUST_0135,ORD_11368,2025-03-20,PROD_045,5,259.85
CUST_0070,ORD_11318,2025-03-21,PROD_032,2,796.24
CUST_0050,ORD_10549,2025-03-22,PROD_034,3,1494.3
CUST_0005,ORD_11358,2025-03-22,PROD_024,5,705.95
CUST_0155,ORD_11021,2025-03-23,PROD_041,3,579.66
CUST_0165,ORD_11102,2025-03-23,PROD_005,5,1425.05
CUST_0115,ORD_10291,2025-03-24,PROD_001,1,373.36
CUST_0085,ORD_11124,2025-03-24,PROD_043,3,194.46
CUST_0155,ORD_10569,2025-03-25,PROD_039,4,1035.04
CUST_0040,ORD_11362,2025-03-26,PROD_019,3,1061.67
CUST_0045,ORD_10452,2025-03-27,PROD_041,4,772.88
CUST_0125,ORD_10212,2025-03-29,PROD_029,4,822.84
CUST_0115,ORD_11171,2025-03-29,PROD_031,4,1727.76
CUST_0130,ORD_10182,2025-03-30,PROD_028,1,376.04
CUST_0115,ORD_10609,2025-04-02,PROD_031,5,2159.7
CUST_0165,ORD_10161,2025-04-03,PROD_002,1,78.37
CUST_0025,ORD_11402,2025-04-04,PROD_042,3,910.44
CUST_0020,ORD_10770,2025-04-05,PROD_037,1,153.82
CUST_0090,ORD_11186,2025-04-07,PROD_048,5,1342.8
CUST_0195,ORD_10518,2025-04-08,PROD_047,5,1666.4
CUST_0160,ORD_10180,2025-04-09,PROD_036,3,1159.83
CUST_0175,ORD_10573,2025-04-09,PROD_043,4,259.28
CUST_0195,ORD_10239,2025-04-12,PROD_029,5,1028.55
CUST_0010,ORD_11403,2025-04-13,PROD_025,1,114.19
CUST_0150,ORD_10458,2025-04-15,PROD_001,3,1120.08
CUST_0180,ORD_10832,2025-04-15,PROD_026,5,2217.45
CUST_0105,ORD_10948,2025-04-17,PROD_030,2,519.34
CUST_0145,ORD_11144,2025-04-19,PROD_043,2,129.64
CUST_0065,ORD_11268,2025-04-21,PROD_037,1,153.82
CUST_0090,ORD_10425,2025-04-22,PROD_047,3,999.84
CUST_0130,ORD_10303,2025-04-25,PROD_002,4,313.48
CUST_0010,ORD_10748,2025-04-25,PROD_046,4,1956.84
CUST_0045,ORD_10052,2025-04-26,PROD_005,2,570.02
CUST_0080,ORD_10085,2025-04-26,PROD_001,5,1866.8
CUST_0200,ORD_10357,2025-04-26,PROD_041,5,966.1
CUST_0125,ORD_11131,2025-04-26,PROD_007,2,763.64
CUST_0195,ORD_10075,2025-04-27,PROD_003,4,1197.36
CUST_0090,ORD_10843,2025-04-29,PROD_025,1,114.19
CUST_0100,ORD_10565,2025-05-02,PROD_022,4,1381.84
CUST_0185,ORD_10854,2025-05-02,PROD_017,3,438.63
CUST_0120,ORD_11297,2025-05-02,PROD_018,5,956.95
CUST_0190,ORD_11433,2025-05-03,PROD_014,2,585.8
CUST_0040,ORD_10729,2025-05-04,PROD_021,4,946.04
CUST_0140,ORD_11078,2025-05-04,PROD_026,1,443.49
CUST_0180,ORD_11346,2025-05-04,PROD_007,2,763.64
CUST_0085,ORD_10108,2025-05-05,PROD_025,3,342.57
CUST_0060,ORD_10275,2025-05-05,PROD_016,3,1287.33
CUST_0060,ORD_10441,2025-05-05,PROD_048,1,268.56
CUST_0005,ORD_10545,2025-05-07,PROD_047,3,999.84
CUST_0170,ORD_11437,2025-05-09,PROD_003,3,898.02
CUST_0025,ORD_10548,2025-05-10,PROD_010,2,110.9
CUST_0100,ORD_10870,2025-05-11,PROD_027,5,698.95
CUST_0140,ORD_11434,2025-05-11,PROD_049,3,1395.51
CUST_0060,ORD_10767,2025-05-12,PROD_027,3,419.37
CUST_0170,ORD_10977,2025-05-12,PROD_018,5,956.95
CUST_0095,ORD_10321,2025-05-13,PROD_018,1,191.39
CUST_0175,ORD_10356,2025-05-14,PROD_023,2,825.36
CUST_0110,ORD_10453,2025-05-15,PROD_021,1,236.51
CUST_0030,ORD_11226,2025-05-16,PROD_017,5,731.05
CUST_0020,ORD_10233,2025-05-17,PROD_041,1,193.22
CUST_0160,ORD_11174,2025-05-17,PROD_017,2,292.42
CUST_0130,ORD_10404,2025-05-18,PROD_035,4,1373.36
CUST_0105,ORD_11224,2025-05-19,PROD_007,5,1909.1
CUST_0035,ORD_10447,2025-05-20,PROD_030,3,779.01
CUST_0070,ORD_10063,2025-05-22,PROD_035,4,1373.36
CUST_0160,ORD_10080,2025-05-23,PROD_041,4,772.88
CUST_0120,ORD_10384,2025-05-23,PROD_020,4,1086.92
CUST_0105,ORD_10606,2025-05-23,PROD_009,3,1437.09
CUST_0135,ORD_11361,2025-05-24,PROD_050,5,1027.55
CUST_0145,ORD_10659,2025-05-25,PROD_036,5,1933.05
CUST_0115,ORD_11088,2025-05-29,PROD_003,3,898.02
CUST_0190,ORD_10899,2025-05-30,PROD_049,5,2325.85
CUST_0150,ORD_11038,2025-05-31,PROD_033,2,82.26
CUST_0065,ORD_11336,2025-06-01,PROD_041,3,579.66
CUST_0150,ORD_10410,2025-06-02,PROD_011,5,2126.35
CUST_0170,ORD_10418,2025-06-03,PROD_034,4,1992.4
CUST_0095,ORD_10025,2025-06-05,PROD_036,5,1933.05
CUST_0140,ORD_10315,2025-06-05,PROD_017,1,146.21
CUST_0025,ORD_10937,2025-06-06,PROD_009,3,1437.09
CUST_0020,ORD_10106,2025-06-07,PROD_017,3,438.63
CUST_0100,ORD_11149,2025-06-07,PROD_030,1,259.67
CUST_0155,ORD_11473,2025-06-07,PROD_046,3,1467.63
CUST_0200,ORD_10310,2025-06-10,PROD_045,4,207.88
CUST_0080,ORD_10244,2025-06-11,PROD_029,1,205.71
CUST_0110,ORD_10631,2025-06-11,PROD_015,4,1336.08
CUST_0175,ORD_11230,2025-06-12,PROD_038,1,11.59
CUST_0040,ORD_10465,2025-06-15,PROD_048,5,1342.8
CUST_0015,ORD_10476,2025-06-15,PROD_009,5,2395.15
CUST_0070,ORD_10283,2025-06-17,PROD_033,2,82.26
CUST_0130,ORD_10394,2025-06-17,PROD_049,5,2325.85
CUST_0100,ORD_11099,2025-06-17,PROD_041,4,772.88
CUST_0090,ORD_10327,2025-06-19,PROD_003,3,898.02
CUST_0070,ORD_11284,2025-06-20,PROD_050,3,616.53
CUST_0070,ORD_10211,2025-06-21,PROD_043,4,259.28
CUST_0120,ORD_10012,2025-06-24,PROD_047,5,1666.4
CUST_0175,ORD_10878,2025-06-25,PROD_013,2,97.22
CUST_0090,ORD_11405,2025-06-25,PROD_027,1,139.79
CUST_0035,ORD_11461,2025-06-27,PROD_050,2,411.02
CUST_0075,ORD_10299,2025-06-28,PROD_001,5,1866.8
CUST_0155,ORD_10326,2025-06-29,PROD_011,4,1701.08
CUST_0045,ORD_10442,2025-07-04,PROD_012,1,367.57
CUST_0055,ORD_11114,2025-07-06,PROD_042,5,1517.4
CUST_0070,ORD_11477,2025-07-06,PROD_015,2,668.04
CUST_0135,ORD_10353,2025-07-07,PROD_050,4,822.04
CUST_0035,ORD_10674,2025-07-07,PROD_004,3,167.73
CUST_0090,ORD_10072,2025-07-08,PROD_022,3,1036.38
CUST_0185,ORD_10020,2025-07-09,PROD_032,5,1990.6
CUST_0020,ORD_10329,2025-07-10,PROD_024,5,705.95
CUST_0030,ORD_10077,2025-07-11,PROD_033,1,41.13
CUST_0160,ORD_10107,2025-07-14,PROD_042,1,303.48
CUST_0175,ORD_11197,2025-07-14,PROD_049,2,930.34
CUST_0115,ORD_11390,2025-07-14,PROD_001,1,373.36
CUST_0035,ORD_11108,2025-07-17,PROD_035,3,1030.02
CUST_0035,ORD_10152,2025-07-19,PROD_030,3,779.01
CUST_0130,ORD_10247,2025-07-21,PROD_030,5,1298.35
CUST_0050,ORD_10653,2025-07-21,PROD_036,5,1933.05
CUST_0200,ORD_10278,2025-07-22,PROD_033,5,205.65
CUST_0095,ORD_10864,2025-07-22,PROD_024,2,282.38
CUST_0060,ORD_11443,2025-07-23,PROD_033,1,41.13
CUST_0045,ORD_10830,2025-07-24,PROD_020,3,815.19
CUST_0165,ORD_11015,2025-07-24,PROD_026,2,886.98
CUST_0195,ORD_10763,2025-07-25,PROD_048,3,805.68
CUST_0055,ORD_11388,2025-07-25,PROD_050,5,1027.55
CUST_0170,ORD_10923,2025-07-26,PROD_036,5,1933.05
CUST_0095,ORD_10335,2025-07-27,PROD_029,1,205.71
CUST_0195,ORD_10377,2025-07-28,PROD_033,5,205.65
CUST_0015,ORD_10245,2025-07-29,PROD_019,1,353.89
CUST_0005,ORD_10406,2025-07-29,PROD_022,1,345.46
CUST_0145,ORD_11196,2025-07-30,PROD_040,3,1267.26
CUST_0135,ORD_10824,2025-07-31,PROD_005,3,855.03
CUST_0005,ORD_10265,2025-08-01,PROD_020,2,543.46
CUST_0075,ORD_10991,2025-08-02,PROD_044,3,381.99
CUST_0085,ORD_11080,2025-08-02,PROD_019,2,707.78
CUST_0085,ORD_10994,2025-08-03,PROD_029,5,1028.55
CUST_0115,ORD_11130,2025-08-03,PROD_050,3,616.53
CUST_0055,ORD_10017,2025-08-05,PROD_017,3,438.63
CUST_0085,ORD_10027,2025-08-06,PROD_045,4,207.88
CUST_0080,ORD_10195,2025-08-06,PROD_007,5,1909.1
CUST_0015,ORD_10243,2025-08-06,PROD_033,1,41.13
CUST_0090,ORD_10642,2025-08-06,PROD_030,5,1298.35
CUST_0035,ORD_10487,2025-08-08,PROD_008,2,353.44
CUST_0150,ORD_11221,2025-08-08,PROD_023,3,1238.04
CUST_0080,ORD_11301,2025-08-09,PROD_031,5,2159.7
CUST_0005,ORD_11449,2025-08-09,PROD_044,3,381.99
CUST_0030,ORD_10214,2025-08-10,PROD_028,1,376.04
CUST_0125,ORD_10804,2025-08-10,PROD_037,5,769.1
CUST_0055,ORD_10266,2025-08-12,PROD_050,4,822.04
CUST_0010,ORD_10270,2025-08-14,PROD_050,5,1027.55
CUST_0175,ORD_10939,2025-08-15,PROD_042,1,303.48
CUST_0125,ORD_10950,2025-08-16,PROD_041,2,386.44
CUST_0035,ORD_11129,2025-08-17,PROD_031,4,1727.76
CUST_0155,ORD_11457,2025-08-18,PROD_029,5,1028.55
CUST_0075,ORD_10219,2025-08-19,PROD_008,1,176.72
CUST_0185,ORD_10208,2025-08-20,PROD_050,5,1027.55
CUST_0090,ORD_11353,2025-08-21,PROD_047,4,1333.12
CUST_0105,ORD_11363,2025-08-22,PROD_008,1,176.72
CUST_0135,ORD_10507,2025-08-23,PROD_045,4,207.88
CUST_0195,ORD_10527,2025-08-23,PROD_014,3,878.7
CUST_0185,ORD_10750,2025-08-23,PROD_018,1,191.39
CUST_0050,ORD_11123,2025-08-24,PROD_032,4,1592.48
CUST_0055,ORD_11393,2025-08-25,PROD_002,3,235.11
CUST_0185,ORD_11482,2025-08-26,PROD_026,5,2217.45
CUST_0090,ORD_10623,2025-08-27,PROD_022,4,1381.84
CUST_0070,ORD_10202,2025-08-28,PROD_022,3,1036.38
CUST_0070,ORD_10028,2025-08-30,PROD_017,2,292.42
CUST_0035,ORD_10594,2025-08-31,PROD_001,4,1493.44
CUST_0145,ORD_10757,2025-08-31,PROD_048,5,1342.8
CUST_0075,ORD_10371,2025-09-01,PROD_031,2,863.88
CUST_0170,ORD_11074,2025-09-01,PROD_032,5,1990.6
CUST_0035,ORD_10597,2025-09-02,PROD_021,5,1182.55
CUST_0095,ORD_10703,2025-09-02,PROD_009,4,1916.12
CUST_0045,ORD_10643,2025-09-03,PROD_040,5,2112.1
CUST_0020,ORD_10268,2025-09-04,PROD_007,5,1909.1
CUST_0170,ORD_10325,2025-09-04,PROD_020,4,1086.92
CUST_0150,ORD_10942,2025-09-05,PROD_030,1,259.67
CUST_0160,ORD_11047,2025-09-07,PROD_044,3,381.99
CUST_0120,ORD_10121,2025-09-08,PROD_044,5,636.65
CUST_0185,ORD_11170,2025-09-10,PROD_006,2,460.22
CUST_0045,ORD_11276,2025-09-10,PROD_023,3,1238.04
CUST_0120,ORD_10754,2025-09-11,PROD_050,3,616.53
CUST_0195,ORD_10579,2025-09-17,PROD_007,2,763.64
CUST_0170,ORD_11441,2025-09-17,PROD_043,3,194.46
CUST_0015,ORD_11327,2025-09-19,PROD_050,4,822.04
CUST_0030,ORD_10639,2025-09-21,PROD_043,4,259.28
CUST_0120,ORD_10866,2025-09-21,PROD_015,3,1002.06
CUST_0065,ORD_11195,2025-09-22,PROD_035,4,1373.36
CUST_0005,ORD_10292,2025-09-24,PROD_014,2,585.8
CUST_0090,ORD_10840,2025-09-24,PROD_007,1,381.82
CUST_0060,ORD_11398,2025-09-24,PROD_020,1,271.73
CUST_0050,ORD_11329,2025-09-27,PROD_025,1,114.19
CUST_0065,ORD_10592,2025-09-29,PROD_047,4,1333.12
CUST_0195,ORD_10760,2025-09-30,PROD_010,1,55.45
CUST_0100,ORD_10513,2025-10-01,PROD_017,2,292.42
CUST_0190,ORD_10629,2025-10-01,PROD_034,2,996.2
CUST_0160,ORD_11084,2025-10-01,PROD_003,3,898.02
CUST_0195,ORD_10021,2025-10-02,PROD_045,4,207.88
CUST_0115,ORD_11083,2025-10-02,PROD_042,5,1517.4
CUST_0085,ORD_10892,2025-10-04,PROD_004,4,223.64
CUST_0075,ORD_10500,2025-10-06,PROD_047,5,1666.4
CUST_0125,ORD_11347,2025-10-06,PROD_021,5,1182.55
CUST_0110,ORD_11185,2025-10-08,PROD_031,4,1727.76
CUST_0005,ORD_10967,2025-10-09,PROD_015,2,668.04
CUST_0140,ORD_10058,2025-10-10,PROD_042,2,606.96
CUST_0050,ORD_10267,2025-10-10,PROD_009,2,958.06
CUST_0195,ORD_11027,2025-10-12,PROD_001,3,1120.08
CUST_0090,ORD_11079,2025-10-12,PROD_014,3,878.7
CUST_0155,ORD_10819,2025-10-13,PROD_002,5,391.85
CUST_0135,ORD_11076,2025-10-13,PROD_012,5,1837.85
CUST_0140,ORD_10663,2025-10-14,PROD_028,1,376.04
CUST_0065,ORD_10920,2025-10-14,PROD_030,3,779.01
CUST_0050,ORD_10031,2025-10-15,PROD_048,4,1074.24
CUST_0185,ORD_10184,2025-10-15,PROD_028,4,1504.16
CUST_0070,ORD_10213,2025-10-15,PROD_049,5,2325.85
CUST_0185,ORD_10707,2025-10-16,PROD_041,2,386.44
CUST_0200,ORD_10913,2025-10-16,PROD_015,2,668.04
CUST_0130,ORD_10196,2025-10-17,PROD_010,4,221.8
CUST_0110,ORD_10685,2025-10-17,PROD_032,3,1194.36
CUST_0005,ORD_10562,2025-10-19,PROD_038,2,23.18
CUST_0030,ORD_10474,2025-10-20,PROD_046,5,2446.05
CUST_0110,ORD_10691,2025-10-22,PROD_045,2,103.94
CUST_0020,ORD_10774,2025-10-22,PROD_009,5,2395.15
CUST_0045,ORD_10136,2025-10-23,PROD_009,5,2395.15
CUST_0060,ORD_11428,2025-10-23,PROD_044,3,381.99
CUST_0170,ORD_10057,2025-10-24,PROD_028,1,376.04
CUST_0125,ORD_11366,2025-10-27,PROD_007,1,381.82
CUST_0090,ORD_11424,2025-10-28,PROD_021,3,709.53
CUST_0055,ORD_10796,2025-10-30,PROD_018,3,574.17
CUST_0155,ORD_10323,2025-11-02,PROD_035,3,1030.02
CUST_0115,ORD_10909,2025-11-04,PROD_031,5,2159.7
CUST_0065,ORD_10167,2025-11-05,PROD_008,1,176.72
CUST_0015,ORD_11211,2025-11-05,PROD_041,4,772.88
CUST_0130,ORD_10252,2025-11-06,PROD_003,2,598.68
CUST_0175,ORD_10721,2025-11-06,PROD_049,4,1860.68
CUST_0045,ORD_10876,2025-11-09,PROD_014,2,585.8
CUST_0115,ORD_11203,2025-11-12,PROD_007,2,763.64
CUST_0060,ORD_10809,2025-11-13,PROD_007,2,763.64
CUST_0155,ORD_10237,2025-11-16,PROD_049,1,465.17
CUST_0155,ORD_10334,2025-11-16,PROD_044,4,509.32
CUST_0105,ORD_10508,2025-11-18,PROD_020,4,1086.92
CUST_0115,ORD_10797,2025-11-18,PROD_003,5,1496.7
CUST_0145,ORD_11409,2025-11-18,PROD_021,5,1182.55
CUST_0090,ORD_10235,2025-11-19,PROD_016,1,429.11
CUST_0160,ORD_11427,2025-11-20,PROD_029,1,205.71
CUST_0185,ORD_10105,2025-11-21,PROD_027,2,279.58
CUST_0020,ORD_10140,2025-11-22,PROD_049,2,930.34
CUST_0150,ORD_10260,2025-11-22,PROD_023,3,1238.04
CUST_0055,ORD_10218,2025-11-24,PROD_049,3,1395.51
CUST_0195,ORD_11305,2025-11-25,PROD_023,3,1238.04
CUST_0130,ORD_10769,2025-11-26,PROD_041,4,772.88
CUST_0130,ORD_11036,2025-11-26,PROD_032,1,398.12
CUST_0070,ORD_10318,2025-12-01,PROD_024,4,564.76
CUST_0015,ORD_10359,2025-12-01,PROD_034,2,996.2
CUST_0085,ORD_10792,2025-12-02,PROD_003,4,1197.36
CUST_0150,ORD_11340,2025-12-03,PROD_026,2,886.98
CUST_0190,ORD_10521,2025-12-04,PROD_048,4,1074.24
CUST_0110,ORD_10992,2025-12-05,PROD_007,1,381.82
CUST_0135,ORD_10171,2025-12-06,PROD_048,1,268.56
CUST_0180,ORD_10183,2025-12-06,PROD_042,5,1517.4
CUST_0095,ORD_10198,2025-12-06,PROD_049,3,1395.51
CUST_0050,ORD_10448,2025-12-07,PROD_022,2,690.92
CUST_0170,ORD_10972,2025-12-09,PROD_042,1,303.48
CUST_0155,ORD_10445,2025-12-10,PROD_022,3,1036.38
CUST_0150,ORD_10922,2025-12-12,PROD_001,5,1866.8
CUST_0195,ORD_10112,2025-12-13,PROD_029,2,411.42
CUST_0020,ORD_10988,2025-12-13,PROD_017,2,292.42
CUST_0030,ORD_10151,2025-12-15,PROD_016,5,2145.55
CUST_0145,ORD_10557,2025-12-16,PROD_034,1,498.1
CUST_0105,ORD_10086,2025-12-17,PROD_015,1,334.02
CUST_0110,ORD_10696,2025-12-18,PROD_046,1,489.21
CUST_0010,ORD_10818,2025-12-18,PROD_004,2,111.82
CUST_0115,ORD_11017,2025-12-19,PROD_032,4,1592.48
CUST_0110,ORD_10858,2025-12-20,PROD_019,5,1769.45
CUST_0010,ORD_11096,2025-12-20,PROD_005,1,285.01
CUST_0040,ORD_11429,2025-12-21,PROD_008,1,176.72
CUST_0085,ORD_11326,2025-12-23,PROD_049,2,930.34
CUST_0085,ORD_10514,2025-12-24,PROD_029,3,617.13
CUST_0080,ORD_10728,2025-12-24,PROD_033,2,82.26
CUST_0035,ORD_10343,2025-12-27,PROD_029,2,411.42
CUST_0165,ORD_10355,2025-12-27,PROD_029,4,822.84
CUST_0030,ORD_10041,2025-12-31,PROD_026,4,1773.96
CUST_0145,ORD_10867,2026-01-02,PROD_010,1,55.45
CUST_0200,ORD_11404,2026-01-05,PROD_050,3,616.53
CUST_0040,ORD_10857,2026-01-06,PROD_024,1,141.19
CUST_0195,ORD_10081,2026-01-07,PROD_014,3,878.7
CUST_0185,ORD_10194,2026-01-07,PROD_019,5,1769.45
CUST_0145,ORD_10129,2026-01-08,PROD_039,4,1035.04
CUST_0200,ORD_10317,2026-01-09,PROD_042,3,910.44
CUST_0160,ORD_10971,2026-01-09,PROD_039,1,258.76
CUST_0115,ORD_10865,2026-01-11,PROD_017,4,584.84
CUST_0095,ORD_11184,2026-01-11,PROD_045,5,259.85
CUST_0075,ORD_10428,2026-01-12,PROD_019,1,353.89
CUST_0135,ORD_11408,2026-01-12,PROD_021,5,1182.55
CUST_0155,ORD_10517,2026-01-13,PROD_005,2,570.02
CUST_0065,ORD_11350,2026-01-13,PROD_032,4,1592.48
CUST_0135,ORD_11484,2026-01-14,PROD_034,1,498.1
CUST_0140,ORD_10611,2026-01-15,PROD_024,5,705.95
CUST_0100,ORD_10932,2026-01-15,PROD_038,5,57.95
CUST_0135,ORD_10538,2026-01-16,PROD_005,1,285.01
CUST_0075,ORD_10657,2026-01-17,PROD_018,2,382.78
CUST_0190,ORD_10205,2026-01-18,PROD_006,5,1150.55
CUST_0100,ORD_11452,2026-01-18,PROD_036,3,1159.83
CUST_0090,ORD_10285,2026-01-20,PROD_027,1,139.79
CUST_0185,ORD_10930,2026-01-20,PROD_042,4,1213.92
CUST_0060,ORD_11471,2026-01-20,PROD_023,1,412.68
CUST_0105,ORD_10761,2026-01-21,PROD_015,5,1670.1
CUST_0055,ORD_10968,2026-01-22,PROD_038,5,57.95
CUST_0180,ORD_10735,2026-01-28,PROD_011,4,1701.08
CUST_0010,ORD_10444,2026-01-29,PROD_020,5,1358.65
CUST_0015,ORD_10555,2026-01-29,PROD_045,2,103.94
CUST_0015,ORD_10217,2026-01-30,PROD_014,3,878.7
CUST_0155,ORD_11157,2026-01-30,PROD_033,2,82.26
CUST_0060,ORD_11309,2026-01-30,PROD_036,3,1159.83
CUST_0100,ORD_10635,2026-01-31,PROD_046,2,978.42
CUST_0107,ORD_10407,2026-03-04,PROD_020,1,271.73
CUST_0142,ORD_10530,2026-03-04,PROD_038,4,46.36
CUST_0151,ORD_10885,2026-03-04,PROD_049,1,465.17
CUST_0178,ORD_11125,2026-03-04,PROD_010,5,277.25
CUST_0037,ORD_11173,2026-03-04,PROD_050,2,411.02
CUST_0009,ORD_10134,2026-03-05,PROD_024,2,282.38
CUST_0152,ORD_10366,2026-03-05,PROD_010,2,110.9
CUST_0084,ORD_10682,2026-03-05,PROD_001,1,373.36
CUST_0178,ORD_11039,2026-03-05,PROD_012,2,735.14
CUST_0051,ORD_11120,2026-03-05,PROD_032,3,1194.36
CUST_0019,ORD_10042,2026-03-06,PROD_041,1,193.22
CUST_0081,ORD_10225,2026-03-06,PROD_028,5,1880.2
CUST_0084,ORD_10382,2026-03-06,PROD_047,3,999.84
CUST_0082,ORD_10501,2026-03-06,PROD_039,3,776.28
CUST_0177,ORD_10618,2026-03-06,PROD_015,4,1336.08
CUST_0123,ORD_10844,2026-03-06,PROD_042,2,606.96
CUST_0197,ORD_11006,2026-03-06,PROD_047,5,1666.4
CUST_0051,ORD_11275,2026-03-06,PROD_037,5,769.1
CUST_0083,ORD_11422,2026-03-06,PROD_006,1,230.11
CUST_0142,ORD_10350,2026-03-07,PROD_024,4,564.76
CUST_0009,ORD_10412,2026-03-07,PROD_045,1,51.97
CUST_0052,ORD_10472,2026-03-07,PROD_035,2,686.68
CUST_0029,ORD_10660,2026-03-07,PROD_008,3,530.16
CUST_0101,ORD_10856,2026-03-07,PROD_036,4,1546.44
CUST_0133,ORD_10874,2026-03-07,PROD_044,5,636.65
CUST_0029,ORD_10986,2026-03-07,PROD_043,4,259.28
CUST_0011,ORD_11167,2026-03-07,PROD_010,1,55.45
CUST_0056,ORD_11238,2026-03-07,PROD_018,2,382.78
CUST_0047,ORD_11261,2026-03-07,PROD_009,5,2395.15
CUST_0108,ORD_11280,2026-03-07,PROD_026,1,443.49
CUST_0102,ORD_11419,2026-03-07,PROD_013,5,243.05
CUST_0191,ORD_11483,2026-03-07,PROD_039,5,1293.8
CUST_0076,ORD_10451,2026-03-08,PROD_044,2,254.66
CUST_0047,ORD_11117,2026-03-08,PROD_004,5,279.55
CUST_0049,ORD_11352,2026-03-08,PROD_012,5,1837.85
CUST_0182,ORD_10405,2026-03-09,PROD_020,4,1086.92
CUST_0042,ORD_10564,2026-03-09,PROD_016,5,2145.55
CUST_0012,ORD_10614,2026-03-09,PROD_042,4,1213.92
CUST_0022,ORD_10656,2026-03-09,PROD_002,2,156.74
CUST_0037,ORD_10816,2026-03-09,PROD_013,4,194.44
CUST_0028,ORD_10886,2026-03-09,PROD_050,1,205.51
CUST_0104,ORD_11169,2026-03-09,PROD_041,1,193.22
CUST_0097,ORD_11228,2026-03-09,PROD_031,2,863.88
CUST_0168,ORD_11462,2026-03-09,PROD_011,3,1275.81
CUST_0144,ORD_10192,2026-03-10,PROD_022,1,345.46
CUST_0129,ORD_10222,2026-03-10,PROD_043,3,194.46
CUST_0146,ORD_10392,2026-03-10,PROD_013,3,145.83
CUST_0186,ORD_10586,2026-03-10,PROD_016,5,2145.55
CUST_0186,ORD_10938,2026-03-10,PROD_049,2,930.34
CUST_0131,ORD_11022,2026-03-10,PROD_014,4,1171.6
CUST_0058,ORD_11060,2026-03-10,PROD_025,2,228.38
CUST_0124,ORD_11418,2026-03-10,PROD_013,4,194.44
CUST_0118,ORD_11446,2026-03-10,PROD_046,1,489.21
CUST_0034,ORD_10191,2026-03-11,PROD_004,5,279.55
CUST_0197,ORD_10200,2026-03-11,PROD_002,5,391.85
CUST_0072,ORD_10422,2026-03-11,PROD_020,2,543.46
CUST_0016,ORD_10504,2026-03-11,PROD_038,2,23.18
CUST_0107,ORD_10512,2026-03-11,PROD_034,2,996.2
CUST_0143,ORD_10581,2026-03-11,PROD_033,4,164.52
CUST_0044,ORD_10936,2026-03-11,PROD_012,3,1102.71
CUST_0039,ORD_11010,2026-03-11,PROD_040,1,422.42
CUST_0061,ORD_11263,2026-03-11,PROD_028,4,1504.16
CUST_0018,ORD_11463,2026-03-11,PROD_035,1,343.34
CUST_0117,ORD_10090,2026-03-12,PROD_010,4,221.8
CUST_0096,ORD_10281,2026-03-12,PROD_007,5,1909.1
CUST_0163,ORD_10363,2026-03-12,PROD_018,2,382.78
CUST_0137,ORD_10544,2026-03-12,PROD_027,1,139.79
CUST_0003,ORD_11110,2026-03-12,PROD_036,2,773.22
CUST_0106,ORD_11198,2026-03-12,PROD_036,4,1546.44
CUST_0071,ORD_11354,2026-03-12,PROD_011,1,425.27
CUST_0128,ORD_10533,2026-03-13,PROD_042,3,910.44
CUST_0192,ORD_10785,2026-03-13,PROD_016,1,429.11
CUST_0011,ORD_10983,2026-03-13,PROD_032,2,796.24
CUST_0143,ORD_11020,2026-03-13,PROD_001,1,373.36
CUST_0077,ORD_11045,2026-03-13,PROD_021,5,1182.55
CUST_0119,ORD_11118,2026-03-13,PROD_005,3,855.03
CUST_0024,ORD_11220,2026-03-13,PROD_019,5,1769.45
CUST_0122,ORD_11290,2026-03-13,PROD_004,1,55.91
CUST_0191,ORD_11335,2026-03-13,PROD_034,1,498.1
CUST_0142,ORD_10097,2026-03-14,PROD_025,4,456.76
CUST_0091,ORD_10309,2026-03-14,PROD_022,2,690.92
CUST_0088,ORD_10420,2026-03-14,PROD_023,3,1238.04
CUST_0117,ORD_10446,2026-03-14,PROD_034,4,1992.4
CUST_0152,ORD_10603,2026-03-14,PROD_012,5,1837.85
CUST_0199,ORD_10661,2026-03-14,PROD_024,5,705.95
CUST_0064,ORD_10802,2026-03-14,PROD_002,4,313.48
CUST_0024,ORD_10863,2026-03-14,PROD_025,2,228.38
CUST_0194,ORD_11065,2026-03-14,PROD_048,5,1342.8
CUST_0067,ORD_11137,2026-03-14,PROD_035,4,1373.36
CUST_0149,ORD_11152,2026-03-14,PROD_037,2,307.64
CUST_0154,ORD_11189,2026-03-14,PROD_027,3,419.37
CUST_0019,ORD_11328,2026-03-14,PROD_031,2,863.88
CUST_0179,ORD_11494,2026-03-14,PROD_009,4,1916.12
CUST_0169,ORD_10078,2026-03-15,PROD_030,4,1038.68
CUST_0172,ORD_10153,2026-03-15,PROD_027,5,698.95
CUST_0198,ORD_10269,2026-03-15,PROD_048,5,1342.8
CUST_0141,ORD_10346,2026-03-15,PROD_019,3,1061.67
CUST_0129,ORD_11049,2026-03-15,PROD_045,3,155.91
CUST_0053,ORD_11058,2026-03-15,PROD_003,3,898.02
CUST_0123,ORD_11250,2026-03-15,PROD_003,5,1496.7
CUST_0068,ORD_11356,2026-03-15,PROD_024,4,564.76
CUST_0149,ORD_11459,2026-03-15,PROD_044,2,254.66
CUST_0158,ORD_10011,2026-03-16,PROD_050,4,822.04
CUST_0191,ORD_10030,2026-03-16,PROD_049,2,930.34
CUST_0128,ORD_10297,2026-03-16,PROD_002,5,391.85
CUST_0121,ORD_10467,2026-03-16,PROD_043,2,129.64
CUST_0048,ORD_10509,2026-03-16,PROD_031,2,863.88
CUST_0024,ORD_10515,2026-03-16,PROD_047,2,666.56
CUST_0153,ORD_10671,2026-03-16,PROD_011,3,1275.81
CUST_0031,ORD_10777,2026-03-16,PROD_023,2,825.36
CUST_0074,ORD_10887,2026-03-16,PROD_023,4,1650.72
CUST_0169,ORD_11360,2026-03-16,PROD_025,2,228.38
CUST_0133,ORD_11486,2026-03-16,PROD_026,1,443.49
CUST_0089,ORD_10005,2026-03-17,PROD_028,3,1128.12
CUST_0182,ORD_10035,2026-03-17,PROD_009,3,1437.09
CUST_0098,ORD_10221,2026-03-17,PROD_046,2,978.42
CUST_0109,ORD_10491,2026-03-17,PROD_025,2,228.38
CUST_0103,ORD_10610,2026-03-17,PROD_033,4,164.52
CUST_0017,ORD_10684,2026-03-17,PROD_026,2,886.98
CUST_0176,ORD_10934,2026-03-17,PROD_041,4,772.88
CUST_0121,ORD_11306,2026-03-17,PROD_001,4,1493.44
CUST_0094,ORD_10137,2026-03-18,PROD_033,3,123.39
CUST_0098,ORD_10181,2026-03-18,PROD_019,4,1415.56
CUST_0141,ORD_10293,2026-03-18,PROD_028,1,376.04
CUST_0018,ORD_10705,2026-03-18,PROD_037,1,153.82
CUST_0194,ORD_10958,2026-03-18,PROD_013,1,48.61
CUST_0193,ORD_11081,2026-03-18,PROD_031,5,2159.7
CUST_0071,ORD_10032,2026-03-19,PROD_039,3,776.28
CUST_0026,ORD_10104,2026-03-19,PROD_030,1,259.67
CUST_0018,ORD_10302,2026-03-19,PROD_035,5,1716.7
CUST_0021,ORD_10469,2026-03-19,PROD_029,5,1028.55
CUST_0153,ORD_10964,2026-03-19,PROD_022,4,1381.84
CUST_0034,ORD_11295,2026-03-19,PROD_011,1,425.27
CUST_0112,ORD_11300,2026-03-19,PROD_041,5,966.1
CUST_0158,ORD_11420,2026-03-19,PROD_016,2,858.22
CUST_0188,ORD_10010,2026-03-20,PROD_042,3,910.44
CUST_0053,ORD_10624,2026-03-20,PROD_031,3,1295.82
CUST_0089,ORD_10736,2026-03-20,PROD_034,3,1494.3
CUST_0151,ORD_10883,2026-03-20,PROD_027,1,139.79
CUST_0174,ORD_10921,2026-03-20,PROD_040,4,1689.68
CUST_0052,ORD_11178,2026-03-20,PROD_033,4,164.52
CUST_0148,ORD_11191,2026-03-20,PROD_008,5,883.6
CUST_0103,ORD_11210,2026-03-20,PROD_019,5,1769.45
CUST_0192,ORD_11285,2026-03-20,PROD_029,4,822.84
CUST_0121,ORD_10069,2026-03-21,PROD_042,4,1213.92
CUST_0128,ORD_10339,2026-03-21,PROD_025,5,570.95
CUST_0122,ORD_10400,2026-03-21,PROD_030,2,519.34
CUST_0131,ORD_10617,2026-03-21,PROD_036,5,1933.05
CUST_0131,ORD_11214,2026-03-21,PROD_045,2,103.94
CUST_0052,ORD_11219,2026-03-21,PROD_001,1,373.36
CUST_0056,ORD_11376,2026-03-21,PROD_007,1,381.82
CUST_0177,ORD_11491,2026-03-21,PROD_010,4,221.8
CUST_0156,ORD_10401,2026-03-22,PROD_009,3,1437.09
CUST_0069,ORD_10673,2026-03-22,PROD_044,1,127.33
CUST_0104,ORD_10680,2026-03-22,PROD_048,3,805.68
CUST_0189,ORD_11068,2026-03-22,PROD_008,4,706.88
CUST_0049,ORD_10091,2026-03-23,PROD_048,2,537.12
CUST_0136,ORD_10234,2026-03-23,PROD_013,3,145.83
CUST_0156,ORD_10715,2026-03-23,PROD_013,4,194.44
CUST_0059,ORD_10745,2026-03-23,PROD_001,1,373.36
CUST_0129,ORD_11140,2026-03-23,PROD_006,4,920.44
CUST_0173,ORD_11277,2026-03-23,PROD_032,4,1592.48
CUST_0142,ORD_11394,2026-03-23,PROD_036,5,1933.05
CUST_0018,ORD_10006,2026-03-24,PROD_042,3,910.44
CUST_0088,ORD_10093,2026-03-24,PROD_018,1,191.39
CUST_0013,ORD_11014,2026-03-24,PROD_015,5,1670.1
CUST_0018,ORD_11077,2026-03-24,PROD_011,4,1701.08
CUST_0001,ORD_11357,2026-03-24,PROD_025,2,228.38
CUST_0103,ORD_11383,2026-03-24,PROD_022,2,690.92
CUST_0148,ORD_11412,2026-03-24,PROD_006,2,460.22
CUST_0122,ORD_10250,2026-03-25,PROD_010,1,55.45
CUST_0102,ORD_10286,2026-03-25,PROD_024,2,282.38
CUST_0024,ORD_10365,2026-03-25,PROD_042,2,606.96
CUST_0106,ORD_10415,2026-03-25,PROD_050,5,1027.55
CUST_0177,ORD_10620,2026-03-25,PROD_010,3,166.35
CUST_0074,ORD_10725,2026-03-25,PROD_050,4,822.04
CUST_0094,ORD_11141,2026-03-25,PROD_001,2,746.72
CUST_0019,ORD_11225,2026-03-25,PROD_019,3,1061.67
CUST_0048,ORD_10320,2026-03-26,PROD_045,4,207.88
CUST_0022,ORD_10556,2026-03-26,PROD_028,3,1128.12
CUST_0027,ORD_10835,2026-03-26,PROD_010,3,166.35
CUST_0028,ORD_10980,2026-03-26,PROD_013,5,243.05
CUST_0106,ORD_10074,2026-03-27,PROD_019,4,1415.56
CUST_0046,ORD_10238,2026-03-27,PROD_030,5,1298.35
CUST_0061,ORD_10349,2026-03-27,PROD_002,3,235.11
CUST_0102,ORD_10443,2026-03-27,PROD_012,3,1102.71
CUST_0069,ORD_10589,2026-03-27,PROD_010,1,55.45
CUST_0168,ORD_10654,2026-03-27,PROD_027,4,559.16
CUST_0081,ORD_11246,2026-03-27,PROD_037,3,461.46
CUST_0166,ORD_10022,2026-03-28,PROD_029,1,205.71
CUST_0163,ORD_10071,2026-03-28,PROD_006,4,920.44
CUST_0169,ORD_10095,2026-03-28,PROD_010,4,221.8
CUST_0074,ORD_10342,2026-03-28,PROD_013,1,48.61
CUST_0177,ORD_10424,2026-03-28,PROD_021,4,946.04
CUST_0066,ORD_10534,2026-03-28,PROD_047,4,1333.12
CUST_0116,ORD_10571,2026-03-28,PROD_015,3,1002.06
CUST_0189,ORD_10600,2026-03-28,PROD_037,2,307.64
CUST_0108,ORD_10765,2026-03-28,PROD_004,2,111.82
CUST_0168,ORD_11371,2026-03-28,PROD_006,4,920.44
CUST_0086,ORD_11448,2026-03-28,PROD_026,2,886.98
CUST_0113,ORD_11479,2026-03-28,PROD_045,3,155.91
CUST_0179,ORD_10083,2026-03-29,PROD_008,1,176.72
CUST_0161,ORD_10109,2026-03-29,PROD_035,1,343.34
CUST_0073,ORD_10215,2026-03-29,PROD_034,3,1494.3
CUST_0124,ORD_10543,2026-03-29,PROD_002,1,78.37
CUST_0124,ORD_11003,2026-03-29,PROD_008,4,706.88
CUST_0057,ORD_11146,2026-03-29,PROD_015,1,334.02
CUST_0081,ORD_11444,2026-03-29,PROD_039,5,1293.8
CUST_0107,ORD_10089,2026-03-30,PROD_031,2,863.88
CUST_0138,ORD_10096,2026-03-30,PROD_023,3,1238.04
CUST_0107,ORD_10374,2026-03-30,PROD_030,2,519.34
CUST_0157,ORD_10421,2026-03-30,PROD_013,2,97.22
CUST_0077,ORD_10591,2026-03-30,PROD_005,3,855.03
CUST_0007,ORD_10621,2026-03-30,PROD_007,3,1145.46
CUST_0158,ORD_10850,2026-03-30,PROD_046,1,489.21
CUST_0177,ORD_10984,2026-03-30,PROD_022,2,690.92
CUST_0107,ORD_11000,2026-03-30,PROD_037,4,615.28
CUST_0189,ORD_11145,2026-03-30,PROD_023,1,412.68
CUST_0011,ORD_11245,2026-03-30,PROD_024,5,705.95
CUST_0141,ORD_11435,2026-03-30,PROD_040,2,844.84
CUST_0121,ORD_10039,2026-03-31,PROD_029,3,617.13
CUST_0016,ORD_10176,2026-03-31,PROD_026,4,1773.96
CUST_0192,ORD_10430,2026-03-31,PROD_014,2,585.8
CUST_0056,ORD_10519,2026-03-31,PROD_014,3,878.7
CUST_0144,ORD_11051,2026-03-31,PROD_038,5,57.95
CUST_0124,ORD_11163,2026-03-31,PROD_031,2,863.88
CUST_0194,ORD_11307,2026-03-31,PROD_020,1,271.73
CUST_0177,ORD_11472,2026-03-31,PROD_009,5,2395.15
CUST_0153,ORD_10408,2026-04-01,PROD_017,5,731.05
CUST_0021,ORD_10861,2026-04-01,PROD_008,3,530.16
CUST_0176,ORD_10871,2026-04-01,PROD_037,2,307.64
CUST_0147,ORD_10889,2026-04-01,PROD_003,2,598.68
CUST_0154,ORD_11025,2026-04-01,PROD_046,3,1467.63
CUST_0046,ORD_11237,2026-04-01,PROD_021,3,709.53
CUST_0127,ORD_10388,2026-04-02,PROD_019,5,1769.45
CUST_0102,ORD_10862,2026-04-02,PROD_032,3,1194.36
CUST_0098,ORD_10524,2026-04-03,PROD_035,3,1030.02
CUST_0128,ORD_10526,2026-04-03,PROD_007,4,1527.28
CUST_0116,ORD_10776,2026-04-03,PROD_021,4,946.04
CUST_0163,ORD_10148,2026-04-04,PROD_045,3,155.91
CUST_0113,ORD_10277,2026-04-04,PROD_050,3,616.53
CUST_0144,ORD_10478,2026-04-04,PROD_044,3,381.99
CUST_0077,ORD_10490,2026-04-04,PROD_044,5,636.65
CUST_0007,ORD_10604,2026-04-04,PROD_046,2,978.42
CUST_0063,ORD_10758,2026-04-04,PROD_024,5,705.95
CUST_0096,ORD_11325,2026-04-04,PROD_045,1,51.97
CUST_0078,ORD_10175,2026-04-05,PROD_042,1,303.48
CUST_0159,ORD_10228,2026-04-05,PROD_045,3,155.91
CUST_0164,ORD_10296,2026-04-05,PROD_005,1,285.01
CUST_0184,ORD_10312,2026-04-05,PROD_003,3,898.02
CUST_0188,ORD_10449,2026-04-05,PROD_042,3,910.44
CUST_0064,ORD_10492,2026-04-05,PROD_023,2,825.36
CUST_0188,ORD_10683,2026-04-05,PROD_041,3,579.66
CUST_0161,ORD_10689,2026-04-05,PROD_002,1,78.37
CUST_0021,ORD_11016,2026-04-05,PROD_029,5,1028.55
CUST_0007,ORD_11095,2026-04-05,PROD_046,3,1467.63
CUST_0092,ORD_11381,2026-04-05,PROD_045,4,207.88
CUST_0032,ORD_10160,2026-04-06,PROD_006,2,460.22
CUST_0107,ORD_10477,2026-04-06,PROD_037,1,153.82
CUST_0046,ORD_11299,2026-04-06,PROD_041,5,966.1
CUST_0164,ORD_11317,2026-04-06,PROD_040,4,1689.68
CUST_0116,ORD_11485,2026-04-06,PROD_003,2,598.68
CUST_0046,ORD_11496,2026-04-06,PROD_038,2,23.18
CUST_0072,ORD_10014,2026-04-07,PROD_016,4,1716.44
CUST_0098,ORD_10047,2026-04-07,PROD_029,3,617.13
CUST_0051,ORD_10634,2026-04-07,PROD_038,4,46.36
CUST_0081,ORD_10651,2026-04-07,PROD_040,1,422.42
CUST_0097,ORD_10679,2026-04-07,PROD_005,1,285.01
CUST_0082,ORD_10773,2026-04-07,PROD_018,2,382.78
CUST_0042,ORD_10845,2026-04-07,PROD_005,1,285.01
CUST_0184,ORD_11026,2026-04-07,PROD_008,1,176.72
CUST_0032,ORD_11035,2026-04-07,PROD_030,5,1298.35
CUST_0166,ORD_11492,2026-04-07,PROD_006,5,1150.55
CUST_0122,ORD_10172,2026-04-08,PROD_050,3,616.53
CUST_0181,ORD_10341,2026-04-08,PROD_014,5,1464.5
CUST_0036,ORD_11143,2026-04-08,PROD_011,2,850.54
CUST_0183,ORD_10344,2026-04-09,PROD_006,3,690.33
CUST_0089,ORD_10429,2026-04-09,PROD_042,3,910.44
CUST_0107,ORD_10655,2026-04-09,PROD_032,2,796.24
CUST_0106,ORD_10708,2026-04-09,PROD_014,1,292.9
CUST_0051,ORD_10791,2026-04-09,PROD_009,1,479.03
CUST_0077,ORD_10896,2026-04-09,PROD_050,3,616.53
CUST_0049,ORD_10898,2026-04-09,PROD_014,4,1171.6
CUST_0052,ORD_11064,2026-04-09,PROD_015,3,1002.06
CUST_0137,ORD_11384,2026-04-09,PROD_023,3,1238.04
CUST_0078,ORD_11466,2026-04-09,PROD_048,3,805.68
CUST_0074,ORD_10061,2026-04-10,PROD_008,4,706.88
CUST_0039,ORD_10241,2026-04-10,PROD_005,4,1140.04
CUST_0182,ORD_10253,2026-04-10,PROD_029,5,1028.55
CUST_0103,ORD_10319,2026-04-10,PROD_025,3,342.57
CUST_0156,ORD_10331,2026-04-10,PROD_003,2,598.68
CUST_0103,ORD_10498,2026-04-10,PROD_015,5,1670.1
CUST_0041,ORD_10690,2026-04-10,PROD_030,1,259.67
CUST_0023,ORD_10229,2026-04-11,PROD_007,2,763.64
CUST_0158,ORD_10328,2026-04-11,PROD_018,1,191.39
CUST_0043,ORD_10590,2026-04-11,PROD_018,4,765.56
CUST_0023,ORD_10732,2026-04-11,PROD_008,4,706.88
CUST_0041,ORD_10827,2026-04-11,PROD_041,4,772.88
CUST_0034,ORD_10954,2026-04-11,PROD_041,4,772.88
CUST_0057,ORD_11128,2026-04-11,PROD_018,3,574.17
CUST_0121,ORD_11207,2026-04-11,PROD_006,1,230.11
CUST_0096,ORD_10115,2026-04-12,PROD_010,2,110.9
CUST_0128,ORD_10220,2026-04-12,PROD_012,2,735.14
CUST_0179,ORD_10547,2026-04-12,PROD_012,1,367.57
CUST_0086,ORD_10596,2026-04-12,PROD_042,5,1517.4
CUST_0001,ORD_11183,2026-04-12,PROD_034,4,1992.4
CUST_0197,ORD_11308,2026-04-12,PROD_019,5,1769.45
CUST_0196,ORD_11386,2026-04-12,PROD_047,3,999.84
CUST_0151,ORD_10048,2026-04-13,PROD_020,5,1358.65
CUST_0081,ORD_10187,2026-04-13,PROD_021,3,709.53
CUST_0161,ORD_10505,2026-04-13,PROD_036,4,1546.44
CUST_0162,ORD_10668,2026-04-13,PROD_011,5,2126.35
CUST_0086,ORD_10739,2026-04-13,PROD_018,5,956.95
CUST_0098,ORD_10795,2026-04-13,PROD_012,3,1102.71
CUST_0104,ORD_10955,2026-04-13,PROD_031,4,1727.76
CUST_0011,ORD_11069,2026-04-13,PROD_018,5,956.95
CUST_0089,ORD_10026,2026-04-14,PROD_048,5,1342.8
CUST_0024,ORD_10264,2026-04-14,PROD_033,3,123.39
CUST_0187,ORD_10322,2026-04-14,PROD_006,4,920.44
CUST_0012,ORD_10481,2026-04-14,PROD_023,1,412.68
CUST_0184,ORD_10608,2026-04-14,PROD_025,1,114.19
CUST_0031,ORD_10700,2026-04-14,PROD_045,2,103.94
CUST_0074,ORD_11053,2026-04-14,PROD_001,5,1866.8
CUST_0026,ORD_11187,2026-04-14,PROD_009,3,1437.09
CUST_0004,ORD_10007,2026-04-15,PROD_032,1,398.12
CUST_0099,ORD_10381,2026-04-15,PROD_016,2,858.22
CUST_0009,ORD_10494,2026-04-15,PROD_040,1,422.42
CUST_0146,ORD_10720,2026-04-15,PROD_024,5,705.95
CUST_0036,ORD_10801,2026-04-15,PROD_013,5,243.05
CUST_0078,ORD_10976,2026-04-15,PROD_043,1,64.82
CUST_0088,ORD_11324,2026-04-15,PROD_020,4,1086.92
CUST_0196,ORD_10045,2026-04-16,PROD_039,5,1293.8
CUST_0103,ORD_10186,2026-04-16,PROD_047,1,333.28
CUST_0104,ORD_10226,2026-04-16,PROD_019,1,353.89
CUST_0096,ORD_10466,2026-04-16,PROD_045,5,259.85
CUST_0069,ORD_10897,2026-04-16,PROD_039,1,258.76
CUST_0028,ORD_11034,2026-04-16,PROD_003,5,1496.7
CUST_0171,ORD_11052,2026-04-16,PROD_044,5,636.65
CUST_0191,ORD_11373,2026-04-16,PROD_024,1,141.19
CUST_0136,ORD_10116,2026-04-17,PROD_037,2,307.64
CUST_0059,ORD_10185,2026-04-17,PROD_022,4,1381.84
CUST_0012,ORD_10273,2026-04-17,PROD_024,2,282.38
CUST_0057,ORD_10503,2026-04-17,PROD_020,3,815.19
CUST_0081,ORD_10528,2026-04-17,PROD_003,5,1496.7
CUST_0128,ORD_10799,2026-04-17,PROD_036,4,1546.44
CUST_0043,ORD_10842,2026-04-17,PROD_032,4,1592.48
CUST_0036,ORD_11044,2026-04-17,PROD_039,5,1293.8
CUST_0081,ORD_11233,2026-04-17,PROD_023,5,2063.4
CUST_0094,ORD_11303,2026-04-17,PROD_017,2,292.42
CUST_0049,ORD_11310,2026-04-17,PROD_036,4,1546.44
CUST_0069,ORD_11315,2026-04-17,PROD_013,1,48.61
CUST_0172,ORD_11423,2026-04-17,PROD_028,3,1128.12
CUST_0001,ORD_10053,2026-04-18,PROD_029,5,1028.55
CUST_0167,ORD_10149,2026-04-18,PROD_008,2,353.44
CUST_0126,ORD_10155,2026-04-18,PROD_018,1,191.39
CUST_0041,ORD_10437,2026-04-18,PROD_042,4,1213.92
CUST_0092,ORD_10982,2026-04-18,PROD_019,2,707.78
CUST_0009,ORD_11476,2026-04-18,PROD_049,1,465.17
CUST_0176,ORD_10372,2026-04-19,PROD_020,4,1086.92
CUST_0041,ORD_10461,2026-04-19,PROD_044,5,636.65
CUST_0096,ORD_10551,2026-04-19,PROD_030,5,1298.35
CUST_0008,ORD_10784,2026-04-19,PROD_029,5,1028.55
CUST_0071,ORD_10890,2026-04-19,PROD_010,5,277.25
CUST_0027,ORD_11019,2026-04-19,PROD_027,1,139.79
CUST_0169,ORD_10204,2026-04-20,PROD_005,2,570.02
CUST_0112,ORD_10230,2026-04-20,PROD_034,1,498.1
CUST_0131,ORD_10398,2026-04-20,PROD_033,1,41.13
CUST_0109,ORD_10726,2026-04-20,PROD_006,5,1150.55
CUST_0156,ORD_10891,2026-04-20,PROD_003,4,1197.36
CUST_0131,ORD_11204,2026-04-20,PROD_022,5,1727.3
CUST_0094,ORD_11260,2026-04-20,PROD_018,4,765.56
CUST_0147,ORD_11399,2026-04-20,PROD_037,2,307.64
CUST_0006,ORD_10128,2026-04-21,PROD_018,1,191.39
CUST_0174,ORD_10141,2026-04-21,PROD_036,3,1159.83
CUST_0024,ORD_10142,2026-04-21,PROD_001,3,1120.08
CUST_0016,ORD_10159,2026-04-21,PROD_018,2,382.78
CUST_0019,ORD_10223,2026-04-21,PROD_048,1,268.56
CUST_0098,ORD_10427,2026-04-21,PROD_023,2,825.36
CUST_0193,ORD_10563,2026-04-21,PROD_005,3,855.03
CUST_0046,ORD_10599,2026-04-21,PROD_021,3,709.53
CUST_0092,ORD_10782,2026-04-21,PROD_033,1,41.13
CUST_0186,ORD_10794,2026-04-21,PROD_032,1,398.12
CUST_0181,ORD_10825,2026-04-21,PROD_038,1,11.59
CUST_0098,ORD_11106,2026-04-21,PROD_043,1,64.82
CUST_0089,ORD_11201,2026-04-21,PROD_048,2,537.12
CUST_0091,ORD_11218,2026-04-21,PROD_026,5,2217.45
CUST_0072,ORD_11248,2026-04-21,PROD_015,5,1670.1
CUST_0198,ORD_11291,2026-04-21,PROD_034,1,498.1
CUST_0168,ORD_10261,2026-04-22,PROD_009,5,2395.15
CUST_0138,ORD_10488,2026-04-22,PROD_034,2,996.2
CUST_0096,ORD_10619,2026-04-22,PROD_030,5,1298.35
CUST_0157,ORD_10641,2026-04-22,PROD_038,1,11.59
CUST_0064,ORD_10677,2026-04-22,PROD_032,2,796.24
CUST_0153,ORD_11112,2026-04-22,PROD_035,5,1716.7
CUST_0089,ORD_11251,2026-04-22,PROD_044,2,254.66
CUST_0173,ORD_11411,2026-04-22,PROD_029,5,1028.55
CUST_0073,ORD_10255,2026-04-23,PROD_027,3,419.37
CUST_0106,ORD_10585,2026-04-23,PROD_050,1,205.51
CUST_0083,ORD_10805,2026-04-23,PROD_018,2,382.78
CUST_0148,ORD_10812,2026-04-23,PROD_023,2,825.36
CUST_0023,ORD_10880,2026-04-23,PROD_036,4,1546.44
CUST_0027,ORD_11040,2026-04-23,PROD_043,5,324.1
CUST_0098,ORD_11062,2026-04-23,PROD_027,3,419.37
CUST_0022,ORD_11293,2026-04-23,PROD_020,2,543.46
CUST_0122,ORD_11333,2026-04-23,PROD_044,3,381.99
CUST_0147,ORD_11367,2026-04-23,PROD_043,4,259.28
CUST_0048,ORD_11474,2026-04-23,PROD_032,4,1592.48
CUST_0143,ORD_11487,2026-04-23,PROD_034,1,498.1
CUST_0147,ORD_10099,2026-04-24,PROD_015,4,1336.08
CUST_0051,ORD_10125,2026-04-24,PROD_031,1,431.94
CUST_0174,ORD_10258,2026-04-24,PROD_019,3,1061.67
CUST_0093,ORD_10333,2026-04-24,PROD_037,1,153.82
CUST_0067,ORD_10456,2026-04-24,PROD_016,4,1716.44
CUST_0084,ORD_10584,2026-04-24,PROD_001,3,1120.08
CUST_0151,ORD_10710,2026-04-24,PROD_023,4,1650.72
CUST_0094,ORD_10747,2026-04-24,PROD_010,2,110.9
CUST_0013,ORD_10841,2026-04-24,PROD_029,4,822.84
CUST_0068,ORD_10888,2026-04-24,PROD_042,4,1213.92
CUST_0027,ORD_10961,2026-04-24,PROD_033,5,205.65
CUST_0146,ORD_10015,2026-04-25,PROD_022,1,345.46
CUST_0181,ORD_10101,2026-04-25,PROD_025,2,228.38
CUST_0061,ORD_10126,2026-04-25,PROD_037,3,461.46
CUST_0162,ORD_10411,2026-04-25,PROD_010,2,110.9
CUST_0096,ORD_10485,2026-04-25,PROD_029,4,822.84
CUST_0059,ORD_10532,2026-04-25,PROD_037,2,307.64
CUST_0086,ORD_10595,2026-04-25,PROD_022,4,1381.84
CUST_0047,ORD_11001,2026-04-25,PROD_050,3,616.53
CUST_0021,ORD_11278,2026-04-25,PROD_040,3,1267.26
CUST_0003,ORD_11407,2026-04-25,PROD_004,3,167.73
CUST_0056,ORD_10206,2026-04-26,PROD_027,4,559.16
CUST_0034,ORD_10271,2026-04-26,PROD_010,2,110.9
CUST_0098,ORD_10554,2026-04-26,PROD_036,4,1546.44
CUST_0142,ORD_10572,2026-04-26,PROD_028,2,752.08
CUST_0084,ORD_10601,2026-04-26,PROD_018,4,765.56
CUST_0109,ORD_10919,2026-04-26,PROD_023,4,1650.72
CUST_0097,ORD_11153,2026-04-26,PROD_024,5,705.95
CUST_0002,ORD_11192,2026-04-26,PROD_042,2,606.96
CUST_0006,ORD_11349,2026-04-26,PROD_023,2,825.36
CUST_0164,ORD_10145,2026-04-27,PROD_007,2,763.64
CUST_0101,ORD_10396,2026-04-27,PROD_022,5,1727.3
CUST_0043,ORD_10737,2026-04-27,PROD_009,3,1437.09
CUST_0147,ORD_10751,2026-04-27,PROD_008,5,883.6
CUST_0069,ORD_10893,2026-04-27,PROD_002,3,235.11
CUST_0062,ORD_10908,2026-04-27,PROD_032,5,1990.6
CUST_0188,ORD_10957,2026-04-27,PROD_001,3,1120.08
CUST_0198,ORD_11087,2026-04-27,PROD_033,5,205.65
CUST_0177,ORD_10156,2026-04-28,PROD_014,4,1171.6
CUST_0176,ORD_10158,2026-04-28,PROD_035,3,1030.02
CUST_0178,ORD_10681,2026-04-28,PROD_030,4,1038.68
CUST_0003,ORD_10756,2026-04-28,PROD_013,3,145.83
CUST_0071,ORD_10906,2026-04-28,PROD_030,5,1298.35
CUST_0068,ORD_11147,2026-04-28,PROD_015,1,334.02
CUST_0046,ORD_11199,2026-04-28,PROD_036,5,1933.05
CUST_0068,ORD_10390,2026-04-29,PROD_049,4,1860.68
CUST_0088,ORD_11023,2026-04-29,PROD_004,2,111.82
CUST_0146,ORD_11126,2026-04-29,PROD_021,4,946.04
CUST_0088,ORD_11258,2026-04-29,PROD_012,4,1470.28
CUST_0068,ORD_11397,2026-04-29,PROD_038,2,23.18
CUST_0111,ORD_10008,2026-04-30,PROD_041,4,772.88
CUST_0168,ORD_10459,2026-04-30,PROD_045,2,103.94
CUST_0181,ORD_10470,2026-04-30,PROD_005,5,1425.05
CUST_0082,ORD_10577,2026-04-30,PROD_007,1,381.82
CUST_0024,ORD_10693,2026-04-30,PROD_017,1,146.21
CUST_0131,ORD_10742,2026-04-30,PROD_004,4,223.64
CUST_0067,ORD_11272,2026-04-30,PROD_024,5,705.95
CUST_0051,ORD_11337,2026-04-30,PROD_004,2,111.82
CUST_0163,ORD_11500,2026-04-30,PROD_006,5,1150.55
CUST_0183,ORD_10803,2026-05-01,PROD_031,5,2159.7
CUST_0136,ORD_10808,2026-05-01,PROD_050,5,1027.55
CUST_0189,ORD_10814,2026-05-01,PROD_038,1,11.59
CUST_0178,ORD_10829,2026-05-01,PROD_015,5,1670.1
CUST_0172,ORD_10935,2026-05-01,PROD_033,3,123.39
CUST_0141,ORD_11075,2026-05-01,PROD_005,3,855.03
CUST_0009,ORD_11296,2026-05-01,PROD_021,4,946.04
CUST_0016,ORD_11345,2026-05-01,PROD_042,2,606.96
CUST_0118,ORD_11396,2026-05-01,PROD_010,2,110.9
CUST_0106,ORD_10193,2026-05-02,PROD_043,4,259.28
CUST_0169,ORD_10613,2026-05-02,PROD_011,5,2126.35
CUST_0181,ORD_10815,2026-05-02,PROD_037,5,769.1
CUST_0057,ORD_10940,2026-05-02,PROD_015,3,1002.06
CUST_0054,ORD_10667,2026-05-03,PROD_046,5,2446.05
CUST_0146,ORD_10670,2026-05-03,PROD_035,3,1030.02
CUST_0142,ORD_10910,2026-05-03,PROD_023,2,825.36
CUST_0044,ORD_11426,2026-05-03,PROD_040,4,1689.68
CUST_0171,ORD_10345,2026-05-04,PROD_046,1,489.21
CUST_0188,ORD_10376,2026-05-04,PROD_026,2,886.98
CUST_0013,ORD_10506,2026-05-04,PROD_042,4,1213.92
CUST_0129,ORD_10567,2026-05-04,PROD_004,1,55.91
CUST_0022,ORD_10868,2026-05-04,PROD_035,4,1373.36
CUST_0058,ORD_10960,2026-05-04,PROD_020,2,543.46
CUST_0124,ORD_11009,2026-05-04,PROD_043,4,259.28
CUST_0091,ORD_11156,2026-05-04,PROD_032,4,1592.48
CUST_0166,ORD_11348,2026-05-04,PROD_029,2,411.42
CUST_0049,ORD_10933,2026-05-05,PROD_047,2,666.56
CUST_0186,ORD_11175,2026-05-05,PROD_030,5,1298.35
CUST_0173,ORD_11236,2026-05-05,PROD_005,5,1425.05
CUST_0192,ORD_10139,2026-05-06,PROD_008,4,706.88
CUST_0169,ORD_10367,2026-05-06,PROD_037,1,153.82
CUST_0058,ORD_11007,2026-05-06,PROD_034,5,2490.5
CUST_0194,ORD_11229,2026-05-06,PROD_050,4,822.04
CUST_0176,ORD_11344,2026-05-06,PROD_049,1,465.17
CUST_0034,ORD_11414,2026-05-06,PROD_006,4,920.44
CUST_0057,ORD_10232,2026-05-07,PROD_050,2,411.02
CUST_0189,ORD_10308,2026-05-07,PROD_009,1,479.03
CUST_0182,ORD_10838,2026-05-07,PROD_029,1,205.71
CUST_0152,ORD_10103,2026-05-08,PROD_007,4,1527.28
CUST_0017,ORD_10257,2026-05-08,PROD_007,5,1909.1
CUST_0097,ORD_10263,2026-05-08,PROD_009,5,2395.15
CUST_0106,ORD_10435,2026-05-08,PROD_046,4,1956.84
CUST_0193,ORD_10615,2026-05-08,PROD_028,1,376.04
CUST_0108,ORD_10941,2026-05-08,PROD_024,3,423.57
CUST_0117,ORD_11024,2026-05-08,PROD_036,5,1933.05
CUST_0107,ORD_11162,2026-05-08,PROD_047,1,333.28
CUST_0127,ORD_10016,2026-05-09,PROD_012,4,1470.28
CUST_0043,ORD_10473,2026-05-09,PROD_034,4,1992.4
CUST_0199,ORD_10570,2026-05-09,PROD_002,3,235.11
CUST_0094,ORD_10638,2026-05-09,PROD_013,4,194.44
CUST_0142,ORD_10881,2026-05-09,PROD_018,5,956.95
CUST_0164,ORD_10926,2026-05-09,PROD_018,3,574.17
CUST_0026,ORD_11255,2026-05-09,PROD_024,5,705.95
CUST_0141,ORD_11385,2026-05-09,PROD_024,4,564.76
CUST_0069,ORD_10013,2026-05-10,PROD_016,1,429.11
CUST_0111,ORD_10065,2026-05-10,PROD_039,3,776.28
CUST_0151,ORD_10169,2026-05-10,PROD_002,2,156.74
CUST_0123,ORD_10455,2026-05-10,PROD_016,1,429.11
CUST_0142,ORD_10523,2026-05-10,PROD_050,3,616.53
CUST_0058,ORD_10749,2026-05-10,PROD_016,4,1716.44
CUST_0156,ORD_11041,2026-05-10,PROD_033,4,164.52
CUST_0011,ORD_11150,2026-05-10,PROD_007,5,1909.1
CUST_0062,ORD_11359,2026-05-10,PROD_047,1,333.28
CUST_0106,ORD_11495,2026-05-10,PROD_029,1,205.71
CUST_0012,ORD_10100,2026-05-11,PROD_048,4,1074.24
CUST_0008,ORD_10288,2026-05-11,PROD_007,3,1145.46
CUST_0028,ORD_10378,2026-05-11,PROD_016,4,1716.44
CUST_0157,ORD_10402,2026-05-11,PROD_011,4,1701.08
CUST_0093,ORD_10719,2026-05-11,PROD_009,4,1916.12
CUST_0007,ORD_10806,2026-05-11,PROD_039,2,517.52
CUST_0167,ORD_10828,2026-05-11,PROD_012,5,1837.85
CUST_0104,ORD_10929,2026-05-11,PROD_044,2,254.66
CUST_0081,ORD_11282,2026-05-11,PROD_042,3,910.44
CUST_0048,ORD_11464,2026-05-11,PROD_010,1,55.45
CUST_0196,ORD_11465,2026-05-11,PROD_027,4,559.16
CUST_0023,ORD_10076,2026-05-12,PROD_017,3,438.63
CUST_0102,ORD_10337,2026-05-12,PROD_042,3,910.44
CUST_0136,ORD_10640,2026-05-12,PROD_039,4,1035.04
CUST_0067,ORD_10772,2026-05-12,PROD_026,3,1330.47
CUST_0168,ORD_11005,2026-05-12,PROD_001,5,1866.8
CUST_0111,ORD_11100,2026-05-12,PROD_002,4,313.48
CUST_0177,ORD_11193,2026-05-12,PROD_027,3,419.37
CUST_0118,ORD_11253,2026-05-12,PROD_045,1,51.97
CUST_0137,ORD_11267,2026-05-12,PROD_032,3,1194.36
CUST_0007,ORD_10001,2026-05-13,PROD_037,4,615.28
CUST_0102,ORD_10231,2026-05-13,PROD_048,3,805.68
CUST_0081,ORD_10314,2026-05-13,PROD_033,4,164.52
CUST_0017,ORD_10352,2026-05-13,PROD_026,4,1773.96
CUST_0181,ORD_10462,2026-05-13,PROD_045,1,51.97
CUST_0139,ORD_10817,2026-05-13,PROD_012,4,1470.28
CUST_0078,ORD_10894,2026-05-13,PROD_018,4,765.56
CUST_0017,ORD_10901,2026-05-13,PROD_046,5,2446.05
CUST_0036,ORD_11460,2026-05-13,PROD_045,5,259.85
CUST_0043,ORD_10060,2026-05-14,PROD_039,5,1293.8
CUST_0002,ORD_10578,2026-05-14,PROD_029,3,617.13
CUST_0062,ORD_10645,2026-05-14,PROD_008,2,353.44
CUST_0161,ORD_10695,2026-05-14,PROD_047,2,666.56
CUST_0116,ORD_10778,2026-05-14,PROD_030,3,779.01
CUST_0156,ORD_10918,2026-05-14,PROD_046,3,1467.63
CUST_0022,ORD_11113,2026-05-14,PROD_014,3,878.7
CUST_0177,ORD_10062,2026-05-15,PROD_045,4,207.88
CUST_0114,ORD_10242,2026-05-15,PROD_018,5,956.95
CUST_0161,ORD_10364,2026-05-15,PROD_040,5,2112.1
CUST_0061,ORD_10502,2026-05-15,PROD_010,5,277.25
CUST_0167,ORD_10692,2026-05-15,PROD_011,3,1275.81
CUST_0169,ORD_10714,2026-05-15,PROD_014,5,1464.5
CUST_0087,ORD_10826,2026-05-15,PROD_021,2,473.02
CUST_0091,ORD_11450,2026-05-15,PROD_016,5,2145.55
CUST_0073,ORD_10094,2026-05-16,PROD_038,5,57.95
CUST_0178,ORD_10113,2026-05-16,PROD_002,1,78.37
CUST_0151,ORD_10123,2026-05-16,PROD_041,4,772.88
CUST_0158,ORD_10403,2026-05-16,PROD_038,3,34.77
CUST_0058,ORD_10510,2026-05-16,PROD_046,2,978.42
CUST_0174,ORD_10783,2026-05-16,PROD_017,2,292.42
CUST_0122,ORD_10872,2026-05-16,PROD_006,4,920.44
CUST_0168,ORD_10927,2026-05-16,PROD_013,2,97.22
CUST_0136,ORD_10946,2026-05-16,PROD_027,1,139.79
CUST_0024,ORD_10023,2026-05-17,PROD_015,4,1336.08
CUST_0148,ORD_10127,2026-05-17,PROD_045,3,155.91
CUST_0024,ORD_10135,2026-05-17,PROD_021,4,946.04
CUST_0164,ORD_10463,2026-05-17,PROD_024,5,705.95
CUST_0022,ORD_10574,2026-05-17,PROD_016,1,429.11
CUST_0117,ORD_10989,2026-05-17,PROD_017,4,584.84
CUST_0088,ORD_11043,2026-05-17,PROD_029,2,411.42
CUST_0144,ORD_11351,2026-05-17,PROD_035,4,1373.36
CUST_0109,ORD_11490,2026-05-17,PROD_040,1,422.42
CUST_0121,ORD_10054,2026-05-18,PROD_003,2,598.68
CUST_0128,ORD_10088,2026-05-18,PROD_033,3,123.39
CUST_0113,ORD_10605,2026-05-18,PROD_045,1,51.97
CUST_0181,ORD_10672,2026-05-18,PROD_019,5,1769.45
CUST_0077,ORD_10963,2026-05-18,PROD_030,5,1298.35
CUST_0091,ORD_11028,2026-05-18,PROD_036,5,1933.05
CUST_0028,ORD_11104,2026-05-18,PROD_044,3,381.99
CUST_0058,ORD_11139,2026-05-18,PROD_009,4,1916.12
CUST_0111,ORD_11413,2026-05-18,PROD_026,2,886.98
CUST_0049,ORD_11488,2026-05-18,PROD_029,4,822.84
CUST_0199,ORD_10294,2026-05-19,PROD_016,3,1287.33
CUST_0142,ORD_10393,2026-05-19,PROD_005,4,1140.04
CUST_0077,ORD_10423,2026-05-19,PROD_046,2,978.42
CUST_0083,ORD_10439,2026-05-19,PROD_042,1,303.48
CUST_0009,ORD_10483,2026-05-19,PROD_027,2,279.58
CUST_0138,ORD_10546,2026-05-19,PROD_002,5,391.85
CUST_0126,ORD_10650,2026-05-19,PROD_009,2,958.06
CUST_0138,ORD_10658,2026-05-19,PROD_011,4,1701.08
CUST_0131,ORD_11061,2026-05-19,PROD_045,1,51.97
CUST_0064,ORD_11235,2026-05-19,PROD_006,4,920.44
CUST_0078,ORD_11489,2026-05-19,PROD_030,2,519.34
CUST_0074,ORD_10055,2026-05-20,PROD_045,4,207.88
CUST_0114,ORD_10274,2026-05-20,PROD_049,4,1860.68
CUST_0032,ORD_10282,2026-05-20,PROD_006,2,460.22
CUST_0083,ORD_10686,2026-05-20,PROD_022,5,1727.3
CUST_0154,ORD_10713,2026-05-20,PROD_050,1,205.51
CUST_0156,ORD_10924,2026-05-20,PROD_020,1,271.73
CUST_0139,ORD_11086,2026-05-20,PROD_002,5,391.85
CUST_0026,ORD_11122,2026-05-20,PROD_040,1,422.42
CUST_0064,ORD_11294,2026-05-20,PROD_029,2,411.42
CUST_0176,ORD_10560,2026-05-21,PROD_035,5,1716.7
CUST_0053,ORD_10636,2026-05-21,PROD_049,1,465.17
CUST_0183,ORD_10766,2026-05-21,PROD_006,1,230.11
CUST_0008,ORD_10807,2026-05-21,PROD_004,4,223.64
CUST_0132,ORD_11159,2026-05-21,PROD_014,2,585.8
CUST_0072,ORD_10018,2026-05-22,PROD_036,1,386.61
CUST_0018,ORD_10092,2026-05-22,PROD_050,4,822.04
CUST_0163,ORD_11151,2026-05-22,PROD_048,3,805.68
CUST_0138,ORD_10431,2026-05-23,PROD_036,3,1159.83
CUST_0122,ORD_10559,2026-05-23,PROD_003,1,299.34
CUST_0117,ORD_10997,2026-05-23,PROD_025,4,456.76
CUST_0178,ORD_11314,2026-05-23,PROD_019,5,1769.45
CUST_0179,ORD_11439,2026-05-23,PROD_004,4,223.64
CUST_0169,ORD_10201,2026-05-24,PROD_002,2,156.74
CUST_0032,ORD_10379,2026-05-24,PROD_029,2,411.42
CUST_0193,ORD_10457,2026-05-24,PROD_022,3,1036.38
CUST_0014,ORD_10516,2026-05-24,PROD_025,5,570.95
CUST_0091,ORD_10550,2026-05-24,PROD_026,1,443.49
CUST_0022,ORD_10575,2026-05-24,PROD_010,4,221.8
CUST_0148,ORD_10678,2026-05-24,PROD_041,4,772.88
CUST_0061,ORD_11257,2026-05-24,PROD_031,5,2159.7
CUST_0182,ORD_11283,2026-05-24,PROD_039,4,1035.04
CUST_0073,ORD_11321,2026-05-24,PROD_009,4,1916.12
CUST_0158,ORD_11374,2026-05-24,PROD_034,1,498.1
CUST_0019,ORD_11421,2026-05-24,PROD_050,4,822.04
CUST_0158,ORD_11469,2026-05-24,PROD_039,5,1293.8
CUST_0173,ORD_10144,2026-05-25,PROD_038,4,46.36
CUST_0031,ORD_10340,2026-05-25,PROD_050,3,616.53
CUST_0116,ORD_10665,2026-05-25,PROD_023,1,412.68
CUST_0017,ORD_10740,2026-05-25,PROD_046,5,2446.05
CUST_0052,ORD_10981,2026-05-25,PROD_034,2,996.2
CUST_0027,ORD_11292,2026-05-25,PROD_040,2,844.84
CUST_0079,ORD_10525,2026-05-26,PROD_024,5,705.95
CUST_0153,ORD_10879,2026-05-26,PROD_021,1,236.51
CUST_0076,ORD_10931,2026-05-26,PROD_027,4,559.16
CUST_0043,ORD_11168,2026-05-26,PROD_012,5,1837.85
CUST_0118,ORD_10120,2026-05-27,PROD_043,1,64.82
CUST_0043,ORD_10138,2026-05-27,PROD_031,3,1295.82
CUST_0038,ORD_10236,2026-05-27,PROD_013,2,97.22
CUST_0097,ORD_10970,2026-05-27,PROD_050,5,1027.55
CUST_0028,ORD_11031,2026-05-27,PROD_040,2,844.84
CUST_0143,ORD_11273,2026-05-27,PROD_023,1,412.68
CUST_0191,ORD_11389,2026-05-27,PROD_024,4,564.76
CUST_0177,ORD_10124,2026-05-28,PROD_030,3,779.01
CUST_0036,ORD_10280,2026-05-28,PROD_004,4,223.64
CUST_0096,ORD_10305,2026-05-28,PROD_048,1,268.56
CUST_0062,ORD_10607,2026-05-28,PROD_043,2,129.64
CUST_0046,ORD_11097,2026-05-28,PROD_036,1,386.61
CUST_0158,ORD_11116,2026-05-28,PROD_013,1,48.61
CUST_0124,ORD_11200,2026-05-28,PROD_020,5,1358.65
CUST_0148,ORD_11227,2026-05-28,PROD_045,4,207.88
CUST_0022,ORD_10044,2026-05-29,PROD_008,5,883.6
CUST_0196,ORD_10468,2026-05-29,PROD_044,5,636.65
CUST_0189,ORD_10664,2026-05-29,PROD_020,1,271.73
CUST_0108,ORD_11042,2026-05-29,PROD_018,4,765.56
CUST_0102,ORD_11311,2026-05-29,PROD_011,4,1701.08
CUST_0032,ORD_11330,2026-05-29,PROD_025,4,456.76
CUST_0011,ORD_11447,2026-05-29,PROD_034,3,1494.3
CUST_0118,ORD_11480,2026-05-29,PROD_028,4,1504.16
CUST_0177,ORD_10003,2026-05-30,PROD_007,3,1145.46
CUST_0178,ORD_10024,2026-05-30,PROD_020,5,1358.65
CUST_0086,ORD_10162,2026-05-30,PROD_009,5,2395.15
CUST_0062,ORD_10433,2026-05-30,PROD_004,5,279.55
CUST_0004,ORD_10746,2026-05-30,PROD_003,4,1197.36
CUST_0159,ORD_10798,2026-05-30,PROD_042,3,910.44
CUST_0006,ORD_11165,2026-05-30,PROD_003,2,598.68
CUST_0162,ORD_10084,2026-05-31,PROD_046,2,978.42
CUST_0098,ORD_10118,2026-05-31,PROD_032,5,1990.6
CUST_0148,ORD_10298,2026-05-31,PROD_046,2,978.42
CUST_0091,ORD_10300,2026-05-31,PROD_037,4,615.28
CUST_0118,ORD_10386,2026-05-31,PROD_014,5,1464.5
CUST_0187,ORD_10731,2026-05-31,PROD_004,2,111.82
CUST_0169,ORD_10810,2026-05-31,PROD_018,5,956.95
CUST_0133,ORD_10928,2026-05-31,PROD_004,5,279.55
CUST_0083,ORD_11013,2026-05-31,PROD_022,3,1036.38
CUST_0093,ORD_11216,2026-05-31,PROD_042,1,303.48
CUST_0061,ORD_11240,2026-05-31,PROD_017,2,292.42
CUST_0109,ORD_11313,2026-05-31,PROD_034,5,2490.5
CUST_0156,ORD_11387,2026-05-31,PROD_037,5,769.1
CUST_0114,ORD_10157,2026-06-01,PROD_024,1,141.19
CUST_0018,ORD_10332,2026-06-01,PROD_050,3,616.53
CUST_0046,ORD_10813,2026-06-01,PROD_038,3,34.77
CUST_0077,ORD_10855,2026-06-01,PROD_007,1,381.82
CUST_0187,ORD_11287,2026-06-01,PROD_043,3,194.46
CUST_0029,ORD_11338,2026-06-01,PROD_041,4,772.88
CUST_0019,ORD_10056,2026-06-02,PROD_017,5,731.05
CUST_0037,ORD_10119,2026-06-02,PROD_030,3,779.01
CUST_0058,ORD_10434,2026-06-02,PROD_004,1,55.91
CUST_0162,ORD_10540,2026-06-02,PROD_005,2,570.02
CUST_0112,ORD_10568,2026-06-02,PROD_005,3,855.03
CUST_0123,ORD_11188,2026-06-02,PROD_006,3,690.33
CUST_0186,ORD_11377,2026-06-02,PROD_035,4,1373.36
CUST_0157,ORD_11470,2026-06-02,PROD_039,2,517.52
CUST_0074,ORD_10130,2026-06-03,PROD_039,3,776.28
CUST_0148,ORD_10409,2026-06-03,PROD_047,1,333.28
CUST_0194,ORD_10869,2026-06-03,PROD_036,1,386.61
CUST_0148,ORD_11098,2026-06-03,PROD_017,4,584.84
CUST_0176,ORD_11262,2026-06-03,PROD_007,3,1145.46
CUST_0198,ORD_11406,2026-06-03,PROD_048,5,1342.8
CUST_0134,ORD_11455,2026-06-03,PROD_027,2,279.58
CUST_0159,ORD_10046,2026-06-04,PROD_050,5,1027.55
CUST_0147,ORD_10199,2026-06-04,PROD_028,5,1880.2
CUST_0182,ORD_10361,2026-06-04,PROD_023,5,2063.4
CUST_0187,ORD_10489,2026-06-04,PROD_001,1,373.36
CUST_0063,ORD_10552,2026-06-04,PROD_020,1,271.73
CUST_0034,ORD_10698,2026-06-04,PROD_034,4,1992.4
CUST_0097,ORD_11155,2026-06-04,PROD_034,4,1992.4
CUST_0084,ORD_10147,2026-06-05,PROD_042,1,303.48
CUST_0012,ORD_10216,2026-06-05,PROD_026,5,2217.45
CUST_0057,ORD_10464,2026-06-05,PROD_009,4,1916.12
CUST_0157,ORD_10834,2026-06-05,PROD_041,5,966.1
CUST_0044,ORD_11172,2026-06-05,PROD_027,5,698.95
CUST_0068,ORD_11208,2026-06-05,PROD_024,1,141.19
CUST_0098,ORD_11232,2026-06-05,PROD_044,2,254.66
CUST_0097,ORD_11312,2026-06-05,PROD_017,1,146.21
CUST_0179,ORD_11410,2026-06-05,PROD_010,1,55.45
CUST_0054,ORD_10164,2026-06-06,PROD_015,3,1002.06
CUST_0001,ORD_10480,2026-06-06,PROD_038,1,11.59
CUST_0003,ORD_10541,2026-06-06,PROD_033,4,164.52
CUST_0162,ORD_11046,2026-06-06,PROD_013,2,97.22
CUST_0016,ORD_11270,2026-06-06,PROD_017,4,584.84
CUST_0059,ORD_10558,2026-06-07,PROD_045,5,259.85
CUST_0001,ORD_10697,2026-06-07,PROD_031,1,431.94
CUST_0054,ORD_11092,2026-06-07,PROD_044,4,509.32
CUST_0104,ORD_11136,2026-06-07,PROD_003,5,1496.7
CUST_0196,ORD_10050,2026-06-08,PROD_041,2,386.44
CUST_0068,ORD_10369,2026-06-08,PROD_050,5,1027.55
CUST_0133,ORD_10417,2026-06-08,PROD_036,3,1159.83
CUST_0068,ORD_10839,2026-06-08,PROD_016,1,429.11
CUST_0071,ORD_10952,2026-06-08,PROD_049,2,930.34
CUST_0004,ORD_11254,2026-06-08,PROD_025,5,570.95
CUST_0109,ORD_11259,2026-06-08,PROD_027,3,419.37
CUST_0062,ORD_10495,2026-06-09,PROD_005,1,285.01
CUST_0063,ORD_10522,2026-06-09,PROD_026,2,886.98
CUST_0036,ORD_10669,2026-06-09,PROD_014,1,292.9
CUST_0027,ORD_10764,2026-06-09,PROD_034,2,996.2
CUST_0174,ORD_10914,2026-06-09,PROD_018,4,765.56
CUST_0027,ORD_11093,2026-06-09,PROD_035,4,1373.36
CUST_0172,ORD_11148,2026-06-09,PROD_034,3,1494.3
CUST_0034,ORD_11458,2026-06-09,PROD_042,2,606.96
CUST_0194,ORD_11478,2026-06-09,PROD_005,2,570.02
CUST_0123,ORD_10438,2026-06-10,PROD_049,3,1395.51
CUST_0178,ORD_10598,2026-06-10,PROD_031,3,1295.82
CUST_0123,ORD_10859,2026-06-10,PROD_007,1,381.82
CUST_0059,ORD_11241,2026-06-10,PROD_016,5,2145.55
CUST_0102,ORD_10002,2026-06-11,PROD_005,5,1425.05
CUST_0153,ORD_10593,2026-06-11,PROD_030,1,259.67
CUST_0127,ORD_10759,2026-06-11,PROD_047,5,1666.4
CUST_0034,ORD_10788,2026-06-11,PROD_026,3,1330.47
CUST_0138,ORD_11133,2026-06-11,PROD_017,1,146.21
CUST_0031,ORD_10029,2026-06-12,PROD_021,1,236.51
CUST_0026,ORD_10033,2026-06-12,PROD_019,2,707.78
CUST_0121,ORD_10276,2026-06-12,PROD_024,5,705.95
CUST_0051,ORD_11066,2026-06-12,PROD_019,4,1415.56
CUST_0167,ORD_11089,2026-06-12,PROD_021,5,1182.55
CUST_0074,ORD_11213,2026-06-12,PROD_003,5,1496.7
CUST_0058,ORD_11222,2026-06-12,PROD_030,4,1038.68
CUST_0049,ORD_11378,2026-06-12,PROD_034,2,996.2
CUST_0133,ORD_10019,2026-06-13,PROD_006,2,460.22
CUST_0014,ORD_10079,2026-06-13,PROD_034,3,1494.3
CUST_0083,ORD_10098,2026-06-13,PROD_045,2,103.94
CUST_0057,ORD_10131,2026-06-13,PROD_040,3,1267.26
CUST_0167,ORD_10249,2026-06-13,PROD_021,5,1182.55
CUST_0193,ORD_10316,2026-06-13,PROD_019,3,1061.67
CUST_0071,ORD_10493,2026-06-13,PROD_047,1,333.28
CUST_0053,ORD_10853,2026-06-13,PROD_027,5,698.95
CUST_0092,ORD_10966,2026-06-13,PROD_011,4,1701.08
CUST_0118,ORD_11033,2026-06-13,PROD_046,3,1467.63
CUST_0192,ORD_11239,2026-06-13,PROD_032,2,796.24
CUST_0039,ORD_11467,2026-06-13,PROD_007,2,763.64
CUST_0184,ORD_10450,2026-06-14,PROD_001,3,1120.08
CUST_0126,ORD_10537,2026-06-14,PROD_035,1,343.34
CUST_0023,ORD_10580,2026-06-14,PROD_028,4,1504.16
CUST_0162,ORD_10632,2026-06-14,PROD_012,4,1470.28
CUST_0109,ORD_10648,2026-06-14,PROD_032,5,1990.6
CUST_0067,ORD_11256,2026-06-14,PROD_036,3,1159.83
CUST_0043,ORD_11286,2026-06-14,PROD_002,2,156.74
CUST_0023,ORD_11445,2026-06-14,PROD_013,5,243.05
CUST_0072,ORD_10070,2026-06-15,PROD_038,4,46.36
CUST_0002,ORD_10203,2026-06-15,PROD_010,5,277.25
CUST_0162,ORD_10311,2026-06-15,PROD_009,1,479.03
CUST_0009,ORD_10833,2026-06-15,PROD_039,3,776.28
CUST_0081,ORD_10949,2026-06-15,PROD_050,1,205.51
CUST_0126,ORD_11247,2026-06-15,PROD_049,5,2325.85
CUST_0029,ORD_11493,2026-06-15,PROD_050,5,1027.55
CUST_0093,ORD_10034,2026-06-16,PROD_020,1,271.73
CUST_0033,ORD_10831,2026-06-16,PROD_047,1,333.28
CUST_0146,ORD_11379,2026-06-16,PROD_036,5,1933.05
CUST_0044,ORD_10117,2026-06-17,PROD_006,5,1150.55
CUST_0041,ORD_10347,2026-06-17,PROD_024,5,705.95
CUST_0081,ORD_10419,2026-06-17,PROD_030,5,1298.35
CUST_0178,ORD_10649,2026-06-17,PROD_036,2,773.22
CUST_0124,ORD_11401,2026-06-17,PROD_032,5,1990.6
CUST_0118,ORD_10535,2026-06-18,PROD_047,3,999.84
CUST_0134,ORD_10587,2026-06-18,PROD_044,4,509.32
CUST_0013,ORD_10793,2026-06-18,PROD_037,4,615.28
CUST_0053,ORD_10860,2026-06-18,PROD_041,3,579.66
CUST_0158,ORD_11215,2026-06-18,PROD_044,1,127.33
CUST_0047,ORD_10272,2026-06-19,PROD_047,4,1333.12
CUST_0078,ORD_10360,2026-06-19,PROD_011,3,1275.81
CUST_0096,ORD_10694,2026-06-19,PROD_004,4,223.64
CUST_0157,ORD_10706,2026-06-19,PROD_029,3,617.13
CUST_0146,ORD_10743,2026-06-19,PROD_024,2,282.38
CUST_0082,ORD_10837,2026-06-19,PROD_041,1,193.22
CUST_0111,ORD_10851,2026-06-19,PROD_039,4,1035.04
CUST_0079,ORD_10962,2026-06-19,PROD_005,1,285.01
CUST_0108,ORD_10998,2026-06-19,PROD_008,2,353.44
CUST_0127,ORD_11012,2026-06-19,PROD_005,4,1140.04
CUST_0158,ORD_11142,2026-06-19,PROD_049,5,2325.85
CUST_0113,ORD_11158,2026-06-19,PROD_015,1,334.02
CUST_0027,ORD_11382,2026-06-19,PROD_012,5,1837.85
CUST_0108,ORD_10279,2026-06-20,PROD_013,5,243.05
CUST_0097,ORD_10848,2026-06-20,PROD_047,1,333.28
CUST_0193,ORD_11056,2026-06-20,PROD_019,3,1061.67
CUST_0037,ORD_11115,2026-06-20,PROD_012,2,735.14
CUST_0152,ORD_11164,2026-06-20,PROD_042,4,1213.92
CUST_0147,ORD_11166,2026-06-20,PROD_009,5,2395.15
CUST_0021,ORD_11281,2026-06-20,PROD_022,2,690.92
CUST_0036,ORD_11475,2026-06-20,PROD_013,2,97.22
CUST_0178,ORD_11498,2026-06-20,PROD_046,1,489.21
CUST_0088,ORD_10207,2026-06-21,PROD_024,3,423.57
CUST_0134,ORD_10254,2026-06-21,PROD_024,3,423.57
CUST_0192,ORD_10330,2026-06-21,PROD_002,2,156.74
CUST_0049,ORD_10383,2026-06-21,PROD_032,5,1990.6
CUST_0142,ORD_10630,2026-06-21,PROD_022,5,1727.3
CUST_0148,ORD_10953,2026-06-21,PROD_032,1,398.12
CUST_0003,ORD_11011,2026-06-21,PROD_033,4,164.52
CUST_0122,ORD_11107,2026-06-21,PROD_035,2,686.68
CUST_0048,ORD_11160,2026-06-21,PROD_024,5,705.95
CUST_0083,ORD_11334,2026-06-21,PROD_041,1,193.22
CUST_0064,ORD_11343,2026-06-21,PROD_032,1,398.12
CUST_0182,ORD_10009,2026-06-22,PROD_028,2,752.08
CUST_0191,ORD_10154,2026-06-22,PROD_027,1,139.79
CUST_0096,ORD_10188,2026-06-22,PROD_044,4,509.32
CUST_0076,ORD_10531,2026-06-22,PROD_013,3,145.83
CUST_0183,ORD_10576,2026-06-22,PROD_048,4,1074.24
CUST_0138,ORD_10727,2026-06-22,PROD_018,1,191.39
CUST_0028,ORD_10775,2026-06-22,PROD_007,2,763.64
CUST_0122,ORD_10975,2026-06-22,PROD_014,1,292.9
CUST_0182,ORD_11072,2026-06-22,PROD_003,2,598.68
CUST_0028,ORD_11194,2026-06-22,PROD_028,5,1880.2
CUST_0092,ORD_11242,2026-06-22,PROD_050,1,205.51
CUST_0177,ORD_11342,2026-06-22,PROD_024,1,141.19
CUST_0136,ORD_11355,2026-06-22,PROD_029,3,617.13
CUST_0147,ORD_11395,2026-06-22,PROD_007,1,381.82
CUST_0147,ORD_11456,2026-06-22,PROD_028,3,1128.12
CUST_0039,ORD_10043,2026-06-23,PROD_037,3,461.46
CUST_0186,ORD_10259,2026-06-23,PROD_022,1,345.46
CUST_0108,ORD_10414,2026-06-23,PROD_027,2,279.58
CUST_0107,ORD_10884,2026-06-23,PROD_010,5,277.25
CUST_0168,ORD_11138,2026-06-23,PROD_024,4,564.76
CUST_0058,ORD_11453,2026-06-23,PROD_022,4,1381.84
CUST_0199,ORD_10165,2026-06-24,PROD_039,1,258.76
CUST_0071,ORD_10166,2026-06-24,PROD_009,5,2395.15
CUST_0057,ORD_10529,2026-06-24,PROD_002,3,235.11
CUST_0064,ORD_10676,2026-06-24,PROD_046,3,1467.63
CUST_0051,ORD_11264,2026-06-24,PROD_048,2,537.12
CUST_0119,ORD_11279,2026-06-24,PROD_011,3,1275.81
CUST_0063,ORD_11430,2026-06-24,PROD_019,1,353.89
CUST_0069,ORD_10059,2026-06-25,PROD_005,1,285.01
CUST_0088,ORD_10375,2026-06-25,PROD_021,3,709.53
CUST_0094,ORD_10397,2026-06-25,PROD_013,5,243.05
CUST_0096,ORD_10646,2026-06-25,PROD_033,4,164.52
CUST_0151,ORD_10823,2026-06-25,PROD_050,1,205.51
CUST_0163,ORD_11109,2026-06-25,PROD_020,3,815.19
CUST_0174,ORD_10132,2026-06-26,PROD_041,1,193.22
CUST_0038,ORD_10289,2026-06-26,PROD_003,3,898.02
CUST_0121,ORD_10290,2026-06-26,PROD_049,4,1860.68
CUST_0147,ORD_10336,2026-06-26,PROD_034,3,1494.3
CUST_0026,ORD_10436,2026-06-26,PROD_001,5,1866.8
CUST_0044,ORD_10536,2026-06-26,PROD_047,5,1666.4
CUST_0194,ORD_10566,2026-06-26,PROD_045,1,51.97
CUST_0044,ORD_10588,2026-06-26,PROD_018,3,574.17
CUST_0108,ORD_10647,2026-06-26,PROD_037,4,615.28
CUST_0026,ORD_10709,2026-06-26,PROD_049,1,465.17
CUST_0081,ORD_10711,2026-06-26,PROD_016,3,1287.33
CUST_0039,ORD_10947,2026-06-26,PROD_013,3,145.83
CUST_0156,ORD_10978,2026-06-26,PROD_027,1,139.79
CUST_0003,ORD_10993,2026-06-26,PROD_043,2,129.64
CUST_0127,ORD_11030,2026-06-26,PROD_046,4,1956.84
CUST_0169,ORD_11454,2026-06-26,PROD_006,4,920.44
CUST_0197,ORD_10484,2026-06-27,PROD_050,4,822.04
CUST_0022,ORD_10644,2026-06-27,PROD_021,1,236.51
CUST_0199,ORD_10704,2026-06-27,PROD_042,2,606.96
CUST_0104,ORD_10902,2026-06-27,PROD_050,5,1027.55
CUST_0176,ORD_10965,2026-06-27,PROD_022,4,1381.84
CUST_0128,ORD_11266,2026-06-27,PROD_041,5,966.1
CUST_0114,ORD_11298,2026-06-27,PROD_045,5,259.85
CUST_0047,ORD_11316,2026-06-27,PROD_019,1,353.89
CUST_0141,ORD_10082,2026-06-28,PROD_019,4,1415.56
CUST_0142,ORD_10351,2026-06-28,PROD_040,1,422.42
CUST_0047,ORD_10358,2026-06-28,PROD_028,5,1880.2
CUST_0148,ORD_10687,2026-06-28,PROD_037,4,615.28
CUST_0112,ORD_10771,2026-06-28,PROD_016,3,1287.33
CUST_0052,ORD_10821,2026-06-28,PROD_022,2,690.92
CUST_0122,ORD_10916,2026-06-28,PROD_042,2,606.96
CUST_0173,ORD_11048,2026-06-28,PROD_046,2,978.42
CUST_0068,ORD_11070,2026-06-28,PROD_011,5,2126.35
CUST_0099,ORD_11177,2026-06-28,PROD_007,1,381.82
CUST_0169,ORD_11182,2026-06-28,PROD_039,5,1293.8
CUST_0112,ORD_11417,2026-06-28,PROD_049,2,930.34
CUST_0179,ORD_10037,2026-06-29,PROD_041,4,772.88
CUST_0168,ORD_10675,2026-06-29,PROD_045,2,103.94
CUST_0092,ORD_11121,2026-06-29,PROD_043,2,129.64
CUST_0138,ORD_10143,2026-06-30,PROD_030,3,779.01
CUST_0058,ORD_10348,2026-06-30,PROD_013,2,97.22
CUST_0074,ORD_10426,2026-06-30,PROD_037,5,769.1
CUST_0102,ORD_10907,2026-06-30,PROD_044,1,127.33
CUST_0044,ORD_10969,2026-06-30,PROD_024,1,141.19
CUST_0098,ORD_10974,2026-06-30,PROD_036,3,1159.83
CUST_0106,ORD_11274,2026-06-30,PROD_023,5,2063.4
CUST_0176,ORD_10004,2026-07-01,PROD_037,1,153.82
CUST_0119,ORD_10087,2026-07-01,PROD_042,2,606.96
CUST_0072,ORD_10395,2026-07-01,PROD_009,1,479.03
CUST_0016,ORD_10460,2026-07-01,PROD_030,3,779.01
CUST_0113,ORD_10666,2026-07-01,PROD_050,2,411.02
CUST_0188,ORD_10738,2026-07-01,PROD_050,1,205.51
CUST_0038,ORD_10875,2026-07-01,PROD_049,4,1860.68
CUST_0129,ORD_10945,2026-07-01,PROD_044,4,509.32
CUST_0131,ORD_10979,2026-07-01,PROD_019,1,353.89
CUST_0081,ORD_11018,2026-07-01,PROD_032,1,398.12
CUST_0049,ORD_11032,2026-07-01,PROD_026,2,886.98
CUST_0173,ORD_11101,2026-07-01,PROD_035,1,343.34
CUST_0184,ORD_11161,2026-07-01,PROD_043,2,129.64
CUST_0193,ORD_11181,2026-07-01,PROD_006,4,920.44
CUST_0169,ORD_11202,2026-07-01,PROD_048,2,537.12
CUST_0118,ORD_11252,2026-07-01,PROD_045,5,259.85
CUST_0064,ORD_10338,2026-07-02,PROD_002,2,156.74
CUST_0094,ORD_10602,2026-07-02,PROD_037,2,307.64
CUST_0182,ORD_10627,2026-07-02,PROD_002,3,235.11
CUST_0013,ORD_10973,2026-07-02,PROD_027,4,559.16
CUST_0047,ORD_10996,2026-07-02,PROD_026,4,1773.96
CUST_0182,ORD_11050,2026-07-02,PROD_049,3,1395.51
CUST_0098,ORD_11085,2026-07-02,PROD_025,3,342.57
CUST_0124,ORD_11231,2026-07-02,PROD_017,1,146.21
CUST_0024,ORD_11499,2026-07-02,PROD_046,4,1956.84
CUST_0099,ORD_10717,2026-07-03,PROD_016,4,1716.44
CUST_0088,ORD_11431,2026-07-03,PROD_020,4,1086.92
CUST_0132,ORD_10173,2026-07-04,PROD_029,5,1028.55
CUST_0176,ORD_10177,2026-07-04,PROD_032,4,1592.48
CUST_0058,ORD_10197,2026-07-04,PROD_023,5,2063.4
CUST_0003,ORD_10389,2026-07-04,PROD_028,2,752.08
CUST_0036,ORD_10432,2026-07-04,PROD_040,5,2112.1
CUST_0166,ORD_10628,2026-07-04,PROD_044,2,254.66
CUST_0096,ORD_11029,2026-07-04,PROD_003,2,598.68
CUST_0107,ORD_11380,2026-07-04,PROD_050,5,1027.55
CUST_0172,ORD_10073,2026-07-05,PROD_011,3,1275.81
CUST_0116,ORD_10251,2026-07-05,PROD_022,1,345.46
CUST_0188,ORD_10307,2026-07-05,PROD_050,5,1027.55
CUST_0083,ORD_10324,2026-07-05,PROD_006,3,690.33
CUST_0148,ORD_10637,2026-07-05,PROD_035,2,686.68
CUST_0023,ORD_10702,2026-07-05,PROD_007,3,1145.46
CUST_0066,ORD_10744,2026-07-05,PROD_037,1,153.82
CUST_0119,ORD_10786,2026-07-05,PROD_009,1,479.03
CUST_0116,ORD_11059,2026-07-05,PROD_040,5,2112.1
CUST_0102,ORD_11289,2026-07-05,PROD_007,1,381.82
CUST_0003,ORD_10616,2026-07-06,PROD_017,2,292.42
CUST_0179,ORD_10895,2026-07-06,PROD_015,2,668.04
CUST_0013,ORD_10990,2026-07-06,PROD_012,1,367.57
CUST_0102,ORD_11269,2026-07-06,PROD_045,2,103.94
CUST_0111,ORD_10190,2026-07-07,PROD_048,3,805.68
CUST_0037,ORD_10380,2026-07-07,PROD_004,3,167.73
CUST_0103,ORD_10454,2026-07-07,PROD_012,2,735.14
CUST_0122,ORD_10625,2026-07-07,PROD_029,4,822.84
CUST_0177,ORD_11008,2026-07-07,PROD_028,2,752.08
CUST_0022,ORD_11090,2026-07-07,PROD_011,5,2126.35
CUST_0039,ORD_11179,2026-07-07,PROD_012,4,1470.28
CUST_0162,ORD_11271,2026-07-07,PROD_029,3,617.13
CUST_0189,ORD_11332,2026-07-07,PROD_034,2,996.2
CUST_0007,ORD_10066,2026-07-08,PROD_015,5,1670.1
CUST_0059,ORD_10111,2026-07-08,PROD_028,1,376.04
CUST_0018,ORD_10189,2026-07-08,PROD_006,1,230.11
CUST_0166,ORD_10246,2026-07-08,PROD_040,5,2112.1
CUST_0112,ORD_10284,2026-07-08,PROD_015,4,1336.08
CUST_0006,ORD_10385,2026-07-08,PROD_026,5,2217.45
CUST_0126,ORD_10475,2026-07-08,PROD_033,4,164.52
CUST_0142,ORD_10583,2026-07-08,PROD_039,5,1293.8
CUST_0031,ORD_10779,2026-07-08,PROD_011,3,1275.81
CUST_0038,ORD_10781,2026-07-08,PROD_046,2,978.42
CUST_0141,ORD_10849,2026-07-08,PROD_022,5,1727.3
CUST_0067,ORD_10911,2026-07-08,PROD_019,1,353.89
CUST_0039,ORD_10987,2026-07-08,PROD_050,5,1027.55
CUST_0069,ORD_10995,2026-07-08,PROD_024,3,423.57
CUST_0117,ORD_11497,2026-07-08,PROD_017,3,438.63
CUST_0197,ORD_10440,2026-07-09,PROD_042,5,1517.4
CUST_0084,ORD_10755,2026-07-09,PROD_036,4,1546.44
CUST_0016,ORD_10800,2026-07-09,PROD_018,4,765.56
CUST_0156,ORD_11105,2026-07-09,PROD_019,4,1415.56
CUST_0041,ORD_11217,2026-07-09,PROD_018,4,765.56
CUST_0059,ORD_11302,2026-07-09,PROD_029,3,617.13
CUST_0153,ORD_10209,2026-07-10,PROD_004,2,111.82
CUST_0182,ORD_10262,2026-07-10,PROD_020,5,1358.65
CUST_0048,ORD_10301,2026-07-10,PROD_034,3,1494.3
CUST_0153,ORD_10612,2026-07-10,PROD_007,2,763.64
CUST_0107,ORD_10622,2026-07-10,PROD_008,2,353.44
CUST_0166,ORD_10712,2026-07-10,PROD_016,5,2145.55
CUST_0118,ORD_10768,2026-07-10,PROD_038,1,11.59
CUST_0176,ORD_10789,2026-07-10,PROD_038,5,57.95
CUST_0068,ORD_11416,2026-07-10,PROD_026,5,2217.45
CUST_0068,ORD_10051,2026-07-11,PROD_011,2,850.54
CUST_0113,ORD_10064,2026-07-11,PROD_039,1,258.76
CUST_0019,ORD_10178,2026-07-11,PROD_021,5,1182.55
CUST_0099,ORD_10287,2026-07-11,PROD_024,2,282.38
CUST_0073,ORD_10362,2026-07-11,PROD_017,2,292.42
CUST_0008,ORD_10368,2026-07-11,PROD_003,5,1496.7
CUST_0097,ORD_10486,2026-07-11,PROD_044,5,636.65
CUST_0166,ORD_11132,2026-07-11,PROD_018,2,382.78
CUST_0031,ORD_11243,2026-07-11,PROD_044,4,509.32
CUST_0191,ORD_11288,2026-07-11,PROD_014,2,585.8
CUST_0161,ORD_10741,2026-07-12,PROD_032,4,1592.48
CUST_0067,ORD_10790,2026-07-12,PROD_002,1,78.37
CUST_0191,ORD_10836,2026-07-12,PROD_016,3,1287.33
CUST_0046,ORD_11067,2026-07-12,PROD_012,2,735.14
CUST_0187,ORD_11134,2026-07-12,PROD_002,5,391.85
CUST_0168,ORD_11154,2026-07-12,PROD_034,3,1494.3
CUST_0188,ORD_11400,2026-07-12,PROD_047,3,999.84
CUST_0041,ORD_10122,2026-07-13,PROD_029,3,617.13
CUST_0148,ORD_10354,2026-07-13,PROD_009,3,1437.09
CUST_0123,ORD_10701,2026-07-13,PROD_015,4,1336.08
CUST_0164,ORD_10718,2026-07-13,PROD_034,1,498.1
CUST_0198,ORD_10722,2026-07-13,PROD_002,5,391.85
CUST_0027,ORD_10847,2026-07-13,PROD_022,2,690.92
CUST_0149,ORD_10944,2026-07-13,PROD_031,2,863.88
CUST_0166,ORD_11094,2026-07-13,PROD_048,2,537.12
CUST_0012,ORD_11103,2026-07-13,PROD_023,5,2063.4
CUST_0156,ORD_11370,2026-07-13,PROD_001,2,746.72
CUST_0188,ORD_11375,2026-07-13,PROD_020,1,271.73
CUST_0159,ORD_10110,2026-07-14,PROD_016,3,1287.33
CUST_0053,ORD_10163,2026-07-14,PROD_049,5,2325.85
CUST_0092,ORD_10306,2026-07-14,PROD_023,2,825.36
CUST_0082,ORD_10626,2026-07-14,PROD_020,1,271.73
CUST_0172,ORD_11119,2026-07-14,PROD_017,1,146.21
CUST_0152,ORD_11176,2026-07-14,PROD_015,4,1336.08
CUST_0134,ORD_11364,2026-07-14,PROD_003,2,598.68
CUST_0038,ORD_10179,2026-07-15,PROD_009,3,1437.09
CUST_0151,ORD_10730,2026-07-15,PROD_020,4,1086.92
CUST_0124,ORD_10925,2026-07-15,PROD_022,3,1036.38
CUST_0159,ORD_10049,2026-07-16,PROD_040,1,422.42
CUST_0019,ORD_10373,2026-07-16,PROD_011,4,1701.08
CUST_0121,ORD_10416,2026-07-16,PROD_046,2,978.42
CUST_0029,ORD_10471,2026-07-16,PROD_036,5,1933.05
CUST_0139,ORD_10482,2026-07-16,PROD_005,4,1140.04
CUST_0096,ORD_10542,2026-07-16,PROD_040,5,2112.1
CUST_0011,ORD_10724,2026-07-16,PROD_026,5,2217.45
CUST_0004,ORD_10787,2026-07-16,PROD_050,2,411.02
CUST_0083,ORD_10822,2026-07-16,PROD_002,2,156.74
CUST_0179,ORD_10999,2026-07-16,PROD_011,1,425.27
CUST_0038,ORD_11057,2026-07-16,PROD_045,3,155.91
CUST_0164,ORD_11372,2026-07-16,PROD_024,5,705.95
CUST_0044,ORD_11438,2026-07-16,PROD_019,2,707.78
CUST_0071,ORD_11451,2026-07-16,PROD_041,3,579.66
CUST_0084,ORD_10114,2026-07-17,PROD_019,3,1061.67
CUST_0056,ORD_10499,2026-07-17,PROD_009,5,2395.15
CUST_0119,ORD_10511,2026-07-17,PROD_036,4,1546.44
CUST_0157,ORD_10733,2026-07-17,PROD_020,2,543.46
CUST_0189,ORD_10811,2026-07-17,PROD_049,2,930.34
CUST_0096,ORD_10900,2026-07-17,PROD_033,2,82.26
CUST_0052,ORD_10904,2026-07-17,PROD_016,1,429.11
CUST_0081,ORD_10951,2026-07-17,PROD_001,4,1493.44
CUST_0014,ORD_11055,2026-07-17,PROD_013,3,145.83
CUST_0012,ORD_10036,2026-07-18,PROD_036,3,1159.83
CUST_0048,ORD_10040,2026-07-18,PROD_017,4,584.84
CUST_0068,ORD_10170,2026-07-18,PROD_009,4,1916.12
CUST_0174,ORD_10256,2026-07-18,PROD_041,3,579.66
CUST_0076,ORD_10716,2026-07-18,PROD_016,4,1716.44
CUST_0173,ORD_10752,2026-07-18,PROD_012,2,735.14
CUST_0041,ORD_10852,2026-07-18,PROD_007,3,1145.46
CUST_0121,ORD_10943,2026-07-18,PROD_041,5,966.1
CUST_0142,ORD_11063,2026-07-18,PROD_001,3,1120.08
CUST_0083,ORD_11073,2026-07-18,PROD_050,5,1027.55
CUST_0158,ORD_11205,2026-07-18,PROD_011,4,1701.08
CUST_0033,ORD_11249,2026-07-18,PROD_034,4,1992.4
CUST_0041,ORD_10210,2026-07-19,PROD_044,1,127.33
CUST_0032,ORD_10295,2026-07-19,PROD_016,4,1716.44
CUST_0091,ORD_10387,2026-07-19,PROD_004,3,167.73
CUST_0173,ORD_10497,2026-07-19,PROD_016,1,429.11
CUST_0088,ORD_10688,2026-07-19,PROD_003,1,299.34
CUST_0117,ORD_10905,2026-07-19,PROD_024,2,282.38
CUST_0099,ORD_10912,2026-07-19,PROD_011,5,2126.35
CUST_0136,ORD_11037,2026-07-19,PROD_036,4,1546.44
CUST_0066,ORD_11369,2026-07-19,PROD_024,2,282.38
CUST_0147,ORD_11415,2026-07-19,PROD_036,4,1546.44
CUST_0057,ORD_10174,2026-07-20,PROD_047,5,1666.4
CUST_0121,ORD_10304,2026-07-20,PROD_041,4,772.88
CUST_0052,ORD_10313,2026-07-20,PROD_013,1,48.61
CUST_0094,ORD_10391,2026-07-20,PROD_026,1,443.49
CUST_0133,ORD_10753,2026-07-20,PROD_026,1,443.49
CUST_0113,ORD_11004,2026-07-20,PROD_005,3,855.03
CUST_0148,ORD_10068,2026-07-21,PROD_049,2,930.34
CUST_0161,ORD_10133,2026-07-21,PROD_020,4,1086.92
CUST_0142,ORD_10248,2026-07-21,PROD_029,5,1028.55
CUST_0194,ORD_10662,2026-07-21,PROD_049,4,1860.68
CUST_0181,ORD_10780,2026-07-21,PROD_014,3,878.7
CUST_0033,ORD_10877,2026-07-21,PROD_028,1,376.04
CUST_0032,ORD_11111,2026-07-21,PROD_001,5,1866.8
CUST_0003,ORD_11341,2026-07-21,PROD_038,4,46.36
CUST_0199,ORD_11481,2026-07-21,PROD_039,4,1035.04
CUST_0127,ORD_10102,2026-07-22,PROD_009,5,2395.15
CUST_0012,ORD_10150,2026-07-22,PROD_020,4,1086.92
CUST_0012,ORD_10399,2026-07-22,PROD_009,3,1437.09
CUST_0002,ORD_10956,2026-07-22,PROD_035,2,686.68
CUST_0158,ORD_11180,2026-07-22,PROD_035,5,1716.7
CUST_0156,ORD_11209,2026-07-22,PROD_047,4,1333.12
CUST_0153,ORD_10496,2026-07-23,PROD_029,5,1028.55
CUST_0168,ORD_10553,2026-07-23,PROD_006,4,920.44
CUST_0169,ORD_10561,2026-07-23,PROD_012,3,1102.71
CUST_0183,ORD_10873,2026-07-23,PROD_033,5,205.65
CUST_0064,ORD_11331,2026-07-23,PROD_013,4,194.44
CUST_0046,ORD_11365,2026-07-23,PROD_013,1,48.61
CUST_0107,ORD_10370,2026-07-24,PROD_032,5,1990.6
CUST_0102,ORD_10633,2026-07-24,PROD_048,5,1342.8
CUST_0146,ORD_10903,2026-07-24,PROD_012,2,735.14
CUST_0157,ORD_11002,2026-07-24,PROD_044,2,254.66
CUST_0162,ORD_11135,2026-07-24,PROD_038,5,57.95
CUST_0121,ORD_10146,2026-07-25,PROD_040,5,2112.1
CUST_0027,ORD_10582,2026-07-25,PROD_006,3,690.33
CUST_0028,ORD_11054,2026-07-25,PROD_025,2,228.38
CUST_0153,ORD_11425,2026-07-25,PROD_050,3,616.53
CUST_0048,ORD_11468,2026-07-25,PROD_049,5,2325.85
CUST_0151,ORD_10067,2026-07-26,PROD_049,3,1395.51
CUST_0104,ORD_10227,2026-07-26,PROD_021,2,473.02
CUST_0186,ORD_10479,2026-07-26,PROD_026,3,1330.47
CUST_0076,ORD_10846,2026-07-26,PROD_021,3,709.53
CUST_0132,ORD_10915,2026-07-26,PROD_050,1,205.51
CUST_0137,ORD_11320,2026-07-26,PROD_012,1,367.57
CUST_0121,ORD_11432,2026-07-26,PROD_022,2,690.92
CUST_0112,ORD_10224,2026-07-27,PROD_030,1,259.67
CUST_0049,ORD_10413,2026-07-27,PROD_029,3,617.13
CUST_0083,ORD_11319,2026-07-27,PROD_010,1,55.45
CUST_0073,ORD_11391,2026-07-27,PROD_034,2,996.2
CUST_0178,ORD_11436,2026-07-27,PROD_025,5,570.95
CUST_0028,ORD_11442,2026-07-27,PROD_019,4,1415.56
CUST_0027,ORD_10038,2026-07-28,PROD_037,3,461.46
CUST_0034,ORD_10168,2026-07-28,PROD_023,2,825.36
CUST_0078,ORD_10520,2026-07-28,PROD_014,2,585.8
CUST_0018,ORD_10723,2026-07-28,PROD_017,2,292.42
CUST_0031,ORD_10734,2026-07-28,PROD_046,2,978.42
CUST_0118,ORD_10882,2026-07-28,PROD_045,5,259.85
CUST_0001,ORD_10985,2026-07-28,PROD_043,1,64.82
CUST_0039,ORD_11323,2026-07-28,PROD_032,2,796.24
CUST_0084,ORD_11339,2026-07-28,PROD_011,3,1275.81
CUST_0092,ORD_10652,2026-07-29,PROD_032,2,796.24
CUST_0003,ORD_10699,2026-07-29,PROD_045,3,155.91
CUST_0089,ORD_10762,2026-07-29,PROD_022,1,345.46
CUST_0154,ORD_10917,2026-07-29,PROD_015,3,1002.06
CUST_0193,ORD_11082,2026-07-29,PROD_008,3,530.16
CUST_0113,ORD_11212,2026-07-29,PROD_013,5,243.05
CUST_0138,ORD_11234,2026-07-29,PROD_045,3,155.91
CUST_0122,ORD_11265,2026-07-29,PROD_012,4,1470.28
CUST_0078,ORD_11304,2026-07-29,PROD_001,5,1866.8
CUST_0187,ORD_11322,2026-07-29,PROD_015,1,334.02
CUST_0168,ORD_11440,2026-07-29,PROD_005,4,1140.04
CUST_0196,ORD_10539,2026-07-30,PROD_027,2,279.58
CUST_0174,ORD_10959,2026-07-30,PROD_041,2,386.44
CUST_0066,ORD_11071,2026-07-30,PROD_022,4,1381.84
CUST_0137,ORD_11091,2026-07-30,PROD_041,1,193.22
CUST_0044,ORD_11127,2026-07-30,PROD_021,2,473.02
CUST_0049,ORD_11190,2026-07-30,PROD_046,1,489.21
CUST_0163,ORD_11206,2026-07-30,PROD_006,2,460.22
CUST_0148,ORD_11223,2026-07-30,PROD_017,2,292.42
CUST_0158,ORD_11244,2026-07-30,PROD_049,5,2325.85
CUST_0078,ORD_11392,2026-07-30,PROD_020,2,543.46
CUST_0123,ORD_10820,2026-07-31,PROD_022,5,1727.3
